Anything										ili	synset	sem_class	hypernym, hypernym tree	hypernym, hypernym tree	hypernym, hypernym tree	Бележки - вкл. при две, кое е по-вероятно 		Цвети	Валя	Различно решение, ако има	ili на съотнесеното
	Entity									eng-30-00001740-n	n: entity:1	noun.Tops						n: entity:1	n: entity:1		eng-30-00001740-n
		Abstract Entity								eng-30-00002137-n	n: abstraction:1; abstract entity:1	noun.Tops	n: entity:1					n: abstraction:1; abstract entity:1	n: abstraction:1; abstract entity:1		eng-30-00002137-n
			Concept							eng-30-05835747-n	n: concept:1; conception:3; construct:7; n: cognition:1; knowledge:1; noesis:1	noun.cognition	n: idea:2; thought:2 < n: content:5; cognitive content:1; mental object:1 < n: cognition:1; knowledge:1; noesis:1 < n: psychological feature:1 < n: abstraction:1; abstract entity:1	n: psychological feature:1 < n: abstraction:1; abstract entity:1		n: cognition:1; knowledge:1; noesis:1		n: concept:1; conception:3; construct:7; n: cognition:1; knowledge:1; noesis:1	n: cognition:1; knowledge:1; noesis:1	n: cognition:1; knowledge:1; noesis:1	eng-30-00023271-n
				Proposition						eng-30-06750804-n	n: proposition:3	noun.communication	n: statement:4 < n: message:5; content:6; subject matter:1; substance:5 < < n: communication:1 < n: abstraction:1; abstract entity:1					n: proposition:3	n: proposition:3		eng-30-06750804-n
					Narrative					eng-30-07221094-n	n: narrative:2; narration:3; story:6; tale:2	noun.communication	n: message:5; content:6; subject matter:1; substance:5 < n: communication:1 < n: abstraction:1; abstract entity:1					n: narrative:2; narration:3; story:6; tale:2	n: narrative:2; narration:3; story:6; tale:2		eng-30-07221094-n
				Rule						eng-30-06686736-n	n: approval:2; commendation:1	noun.communication	n: message:5; content:6; subject matter:1; substance:5 < n: communication:1 < n: abstraction:1; abstract entity:1			n: rule:10 {noun.cognition}; regulation:4 < n: concept:1; conception:3; construct:7 < n: idea:2; thought:2 < n: content:5; cognitive content:1; mental object:1 < n: cognition:1; knowledge:1; noesis:1 < n: psychological feature:1 < n: abstraction:1; abstract entity:1 < n: entity:1 		n: approval:2; commendation:1	n: rule:10		eng-30-06686736-n; eng-30-05846054-n
					Permission					eng-30-06689297-n	n: permission:2	noun.communication	n: approval:2; commendation:1 < n: message:5; content:6; subject matter:1; substance:5 < n: communication:1 < n: abstraction:1; abstract entity:1					n: permission:2	n: permission:2		eng-30-06689297-n
				Dispute						eng-30-07180787-n	n: disagreement:2	noun.communication				n: dispute:4; difference:2; difference of opinion:1; conflict:6 {noun.communication} < n: disagreement:2 < n: speech act:1 {noun.communication} <  n: act:3; deed:1; human action:1; human activity:1 {noun.act} < n: event:1 {noun.Top} < n: psychological feature:1 {noun.attribute} < n: abstraction:1; abstract entity:1 {noun.Tops} < n: entity:1 {noun.Tops} 		n: disagreement:2	n: dispute:4; difference:2; difference of opinion:1; conflict:6		eng-30-07180787-n; eng-30-07181935-n
				Information						eng-30-05816287-n	n: information:2	noun.cognition	n: cognition:1; knowledge:1; noesis:1 < n: psychological feature:1 < n: abstraction:1; abstract entity:1					n: information:2	n: information:2		eng-30-05816287-n
			Information Source							eng-30-00033020-n	n: communication:1	noun.communication	n: abstraction:1; abstract entity:1					n: communication:1	n: communication:1		eng-30-00033020-n
				Document						eng-30-06598915-n	n: message:5; content:6; subject matter:1; substance:5	noun.communication	n: communication:1 < n: abstraction:1; abstract entity:1 < n: entity:1			n: document:6 {noun.possession} < n: communication:1 {noun.communication} < n: abstraction:1; abstract entity:1 {noun.Tops} < n: entity:1 {noun.Tops} 		n: message:5; content:6; subject matter:1; substance:5	n: document:6		eng-30-06598915-n; eng-30-13403331-n
					Agreement					eng-30-06722453-n	n: statement:4	noun.communication	n: message:5; content:6; subject matter:1; substance:5 < n: communication:1 < n: abstraction:1; abstract entity:1			n: agreement:2; arrangement:4 {noun.cognition} < n: planning:3; preparation:5; provision:3 {noun.cognition} < n: thinking:2; thought:1; thought process:1; cerebration:1; intellection:1; mentation:1 {noun.cognition} < n: higher cognitive process:1 {noun.cognition} < n: process:11; cognitive process:1; mental process:1; operation:8; cognitive operation:1 {noun.cognition} < n: cognition:1; knowledge:1; noesis:1 {noun.cognition} < n: psychological feature:1 {noun.attribute} < n: abstraction:1; abstract entity:1 {noun.Tops} < n: entity:1 {noun.Tops}		n: statement:4	n: agreement:2; arrangement:4		eng-30-06722453-n; eng-30-05795044-n
				Language						eng-30-06282651-n; eng-30-05650820-n	n: language:3; linguistic communication:1; n: language:1; speech:1	noun.communication, noun.cognition	n: communication:1 < n: abstraction:1; abstract entity:1	 n: faculty:1; mental faculty:1; module:4 < n: ability:2; power:4 < n: cognition:1; knowledge:1; noesis:1 < n: psychological feature:1 < n: abstraction:1; abstract entity:1		n: language:3; linguistic communication:1		n: language:3; linguistic communication:1; n: language:1; speech:1	n: language:3; linguistic communication:1		eng-30-06282651-n; eng-30-05650820-n
					Number					eng-30-06326526-n	number:10	noun.communication				n: number:10 {noun.communication} < n: grammatical category:1; syntactic category:1 {noun.communication} < n: class:5; category:2; family:3 {noun.group} < n: collection:4; aggregation:2; accumulation:2; assemblage:3 {noun.group} < n: group:1; grouping:1 {noun.group} < n: abstraction:1; abstract entity:1 {noun.Tops} < n: entity:1 {noun.Tops}		number:10	number:10		eng-30-06326526-n
				Broadcast						eng-30-06254007-n	n: broadcast:4	noun.communication	n: message:4 < n: communication:1 < n: abstraction:1; abstract entity:1					n: broadcast:4	n: broadcast:4		eng-30-06254007-n
				Medium						eng-30-06254475-n	medium:4	noun.communication	n: communication:2; communicating:1 < n: act:3; deed:1; human action:1; human activity:1 < n: event:1 < n: psychological feature:1 < n: abstraction:1; abstract entity:1					medium:4	medium:4		eng-30-06254475-n
				Radio_Program						eng-30-06622366-n	n: radio broadcast:1	noun.communication	n: broadcast:4			n: radio broadcast:1 {noun.communication} < n: broadcast:4 {noun.communication} < n: message:4 {noun.communication} < n: communication:1 {noun.communication} < n: abstraction:1; abstract entity:1 {noun.Tops} < n: entity:1 {noun.Tops}		n: radio broadcast:1	n: radio broadcast:1		eng-30-06622366-n
				Recording						eng-30-04063661-n	n: recording:2	noun.artifact	n: signal:4; signaling:1; sign:12 (noun.communication) < n: communication:1 < n: abstraction:1; abstract entity:1 					n: recording:2	n: recording:2		eng-30-04063661-n
				TV_Program						eng-30-06620579-n	n: television program:1; TV program:1; television show:1; TV show:1	noun.communication	n: broadcast:5; program:8; programme:7 < n: show:15 < n: social event:1 < n: event:1 < n: psychological feature:1 < n: abstraction:1; abstract entity:1					n: television program:1; TV program:1; television show:1; TV show:1	n: television program:1; TV program:1; television show:1; TV show:1		eng-30-06620579-n
			Numerical Value							eng-30-00033615-n	n: measure:1; quantity:1; amount:1	noun.quantity	n: abstraction:1; abstract entity:1			n: number:9; figure:10 {noun.attribute} < n: amount:5 {noun.attribute} < n: magnitude:1 {noun.attribute} < n: property:2 {noun.attribute} < n: abstraction:1; abstract entity:1 {noun.Tops} < n: entity:1 {noun.Tops}		n: measure:1; quantity:1; amount:1	n: number:9; figure:10		eng-30-00033615-n; eng-30-05121418-n
				Money Value						eng-30-13413493-n	 n: value:10; economic value:1	noun.possession	n: measure:1; quantity:1; amount:1 < n: abstraction:1; abstract entity:1					 n: value:10; economic value:1	 n: value:10; economic value:1		eng-30-13413493-n
				Quantity						eng-30-00033615-n	n: measure:1; quantity:1; amount:1	noun.quantity	n: abstraction:1; abstract entity:1					n: measure:1; quantity:1; amount:1	n: measure:1; quantity:1; amount:1		eng-30-00033615-n
			Psych							eng-30-00023100-n	n: psychological feature:1	noun.attribute	n: abstraction:1; abstract entity:1					n: psychological feature:1	n: psychological feature:1		eng-30-00023100-n
				Attitude						eng-30-06193203-n	 n: attitude:3; mental attitude:1	noun.cognition	n: cognition:1; knowledge:1; noesis:1 < n: psychological feature:1 < n: abstraction:1; abstract entity:1					 n: attitude:3; mental attitude:1	 n: attitude:3; mental attitude:1		eng-30-06193203-n
				Emotion						eng-30-07480068-n; eng-30-00026192-n	 n: emotion:1; n: feeling:1	noun.feeling	n: feeling:1 < n: state:1 < n: attribute:1 < n: abstraction:1; abstract entity:1					 n: emotion:1; n: feeling:1	 n: emotion:1; n: feeling:1		eng-30-07480068-n; eng-30-00026192-n
				Goal						eng-30-00023271-n	n: cognition:1; knowledge:1; noesis:1	noun.cognition	n: psychological feature:1 < n: abstraction:1; abstract entity:1			n: goal:3; end:9 {noun.cognition} < n: content:5; cognitive content:1; mental object:1 {noun.cognition} < n: cognition:1; knowledge:1; noesis:1 {noun.cognition} < n: psychological feature:1 {noun.attribute} < n: abstraction:1; abstract entity:1 {noun.Tops} < n: entity:1 {noun.Tops}		n: cognition:1; knowledge:1; noesis:1	n: goal:3; end:9	n: goal:3; end:9	eng-30-05980875-n
			Resource							eng-30-13331778-n; eng-30-05154676-n	n: resource:3; n: resource:1	noun.possession, noun.attribute	assets:1 < n: possession:1 < n: relation:1 < n: abstraction:1; abstract entity:1	n: asset:1; plus:4 < n: quality:3 < n: attribute:1 < n: abstraction:1; abstract entity:1		n: resource:3; n: resource:1		n: resource:3; n: resource:1	n: resource:3	n: resource:3	eng-30-13331778-n
				Asset						eng-30-00032613-n; eng-30-13329641-n	n: possession:1; n: assets:1	noun.possession	n: relation:1 < n: abstraction:1; abstract entity:1	n: possession:1 < n: relation:1 < n: abstraction:1; abstract entity:1		n: possession:1		n: possession:1; n: assets:1	n: assets:1		eng-30-00032613-n; eng-30-13329641-n
					Deficit					eng-30-13396054-n	n: liabilities:1	noun.possession	n: possession:1 < n: relation:1 < n: abstraction:1; abstract entity:1			n: deficit:2 {noun.possession} < n: liabilities:1 {noun.possession} < n: possession:1 {noun.possession} < n: relation:1 {noun.relation} < n: abstraction:1; abstract entity:1 < n: entity:1 {noun.Tops}		n: liabilities:1	n: deficit:2		eng-30-13396054-n; eng-30-13396276-n
					Money					eng-30-13244109-n	n: property:5; belongings:1; holding:2	noun.possession	n: possession:1 < n: relation:1 < n: abstraction:1; abstract entity:1			n: money:1 < n: wealth:2 < n: property:5; belongings:1; holding:2 < n: possession:1 < n: relation:1 < n: abstraction:1; abstract entity:1		n: property:5; belongings:1; holding:2	n: money:1		eng-30-13244109-n; eng-30-13250542-n
					Reputation					eng-30-06207199-n; eng-30-14438125-n	n: reputation:1; report:7; n: repute:2; reputation:2	noun.cognition, noun.state	n: estimate:5; estimation:3 < n: respect:7; esteem:3; regard:7 < n: attitude:3; mental attitude:1 < n: cognition:1; knowledge:1; noesis:1 < n: psychological feature:1 < n: abstraction:1; abstract entity:1	n: honor:7; honour:7; laurels:2 < n: standing:9 < n: status:2; position:18 < n: state:1 < n: attribute:1 < n: abstraction:1; abstract entity:1		n: reputation:1; report:7		n: reputation:1; report:7; n: repute:2; reputation:2	n: repute:2; reputation:2	n: repute:2; reputation:2	eng-30-14438125-n
					Time_Period					eng-30-15113229-n	n: time period:1; period of time:1; period:3	noun.time	n: fundamental quantity:1; fundamental measure:1 < n: measure:1; quantity:1; amount:1 < n: abstraction:1; abstract entity:1					n: time period:1; period of time:1; period:3	n: time period:1; period of time:1; period:3		eng-30-15113229-n
			Time_Period							eng-30-15113229-n	n: time period:1; period of time:1; period:3	noun.time	n: fundamental quantity:1; fundamental measure:1 < n: measure:1; quantity:1; amount:1 < n: abstraction:1; abstract entity:1					n: time period:1; period of time:1; period:3	n: time period:1; period of time:1; period:3		eng-30-15113229-n
				Vacation						eng-30-15137890-n	n: vacation:3; holiday:2	noun.time	n: leisure:2; leisure time:1 < n: time off:1 < n: time period:1; period of time:1; period:3 < n: fundamental quantity:1; fundamental measure:1 < n: measure:1; quantity:1; amount:1 < n: abstraction:1; abstract entity:1					n: vacation:3; holiday:2	n: vacation:3; holiday:2		eng-30-15137890-n
			Obligation							eng-30-01129920-n; eng-30-14490110-n	n: duty:2; responsibility:1; obligation:1;  n: obligation:5	noun.act	n: duty:2; responsibility:1; obligation:1< n: social control:1 < n: group action:1 < n: event:1 + n: act:3; deed:1; human action:1; human activity:1 	n: obligation:5 < state:1 < n: attribute:1 < < n: abstraction:1; abstract entity:1		obligation:1; n: obligation:5		n: duty:2; responsibility:1; obligation:1;  n: obligation:5	n: obligation:5		eng-30-01129920-n; eng-30-14490110-n
			Opportunity							eng-30-14481929-n	n: possibility:4; possibleness:1	noun.state	n: possibility:4; possibleness:1 < n: being:2; beingness:1; existence:2 < n: state:1 < n: attribute:1 < n: abstraction:1; abstract entity:1			n: opportunity:1; chance:9 < n: possibility:4; possibleness:1		n: possibility:4; possibleness:1	n: opportunity:1; chance:9		eng-30-14481929-n; eng-30-14483917-n
			Power							eng-30-05616246-n	n: ability:2; power:4	noun.cognition	n: cognition:1; knowledge:1; noesis:1 < n: psychological feature:1 < n: abstraction:1; abstract entity:1					n: ability:2; power:4	n: ability:2; power:4		eng-30-05616246-n
			Privilege							eng-30-05174653-n	n: right:32	noun.attribute	n: abstraction:6; abstract:8 < n: concept:1; conception:3; construct:7 < n: idea:2; thought:2 < n: content:5; cognitive content:1; mental object:1 < n: cognition:1; knowledge:1; noesis:1 < n: psychological feature:1 < n: abstraction:1; abstract entity:1		n: prerogative:1; privilege:3; perquisite:1; exclusive right:1 | n: privilege:4	n: privilege:2 {noun.attribute} < n: advantage:3; vantage:1 {noun.attribute} < n: asset:1; plus:4 {noun.attribute} < n: quality:3 {noun.attribute} <  n: attribute:1 {noun.attribute} < n: abstraction:1; abstract entity:1 {noun.Tops} < n: entity:1 {noun.Tops}		n: right:32	n: privilege:2		eng-30-05174653-n
			Responsibility							eng-30-01129920-n	n: duty:2; responsibility:1; obligation:1	noun.act	n: duty:2; responsibility:1; obligation:1< n: social control:1 < n: group action:1 < n: event:1 + n: act:3; deed:1; human action:1; human activity:1 			n: responsibility:2; responsibleness:1 {noun.attribute} < n: trustworthiness:1; trustiness:1 {noun.attribute} < n: trait:1 {noun.attribute} < n: attribute:1 {noun.attribute} < n: abstraction:1; abstract entity:1 {noun.Tops} < n: entity:1 {noun.Tops}		n: duty:2; responsibility:1; obligation:1	n: responsibility:2; responsibleness:1		eng-30-01129920-n; eng-30-04669247-n
			Time_Point							eng-30-15180528-n	n: point:40; point in time:1	noun.time	n: measure:1; quantity:1; amount:1 < n: abstraction:1; abstract entity:1					n: point:40; point in time:1	n: point:40; point in time:1		eng-30-15180528-n
			Uncertainty							eng-30-04756887-n; eng-30-05698247-n	n: uncertainty:1; uncertainness:1; precariousness:1; n: doubt:4; uncertainty:2; incertitude:1; dubiety:1; doubtfulness:2; dubiousness:2	noun.attribute, noun.cognition	n: quality:3 < n: attribute:1 < n: abstraction:1; abstract entity:1	n: cognitive state:1; state of mind:1 < n: psychological state:1; psychological condition:1; mental state:1; mental condition:1 < n: condition:11; status:1 < hypernym: en - n: state:1 < n: attribute:1 < n: abstraction:1; abstract entity:1		n: uncertainty:1; uncertainness:1; precariousness:1		n: uncertainty:1; uncertainness:1; precariousness:1; n: doubt:4; uncertainty:2; incertitude:1; dubiety:1; doubtfulness:2; dubiousness:2	n: uncertainty:1; uncertainness:1; precariousness:1		eng-30-04756887-n; eng-30-05698247-n
		Energy								eng-30-11452079-n	n: energy:4	noun.phenomenon	n: physical phenomenon:1 < n: natural phenomenon:1 < n: phenomenon:1 < n: process:1; physical process:1 < n: physical entity:1		това не е абстрактно!	 възможно! n: energy:3; vigor:3; vigour:3; zip:4 {noun.attribute} < n: force:13; forcefulness:1; strength:3 {noun.attribute} < n: intensity:3; intensiveness:1 {noun.attribute} < n: degree:1; grade:7; level:15 {noun.attribute} < n: property:2 {noun.attribute} < n: attribute:1 {noun.attribute} < n: abstraction:1; abstract entity:1 {noun.Tops} < n: entity:1 {noun.Tops}		n: energy:4	n: energy:3; vigor:3; vigour:3; zip:4		eng-30-11452079-n; eng-30-05035961-n
			Wavelength							eng-30-05086269-n; eng-30-07345593-n	n: wavelength:1; n: wave:9; undulation:1	noun.attribute; noun.event	n: distance:3 < n: spacing:1; spatial arrangement:1 < n: placement:3; arrangement:2 < n: position:8; spatial relation:1 < n: relation:1 < n: abstraction:1; abstract entity:1	n: movement:8; motion:6 < n: happening:1; occurrence:1; occurrent:2; natural event:1 < n: event:1 < n: psychological feature:1 < n: abstraction:1; abstract entity:1	n: wavelength:1; n: wave:9	n: wavelength:2 {noun.cognition} < n: orientation:5 {noun.cognition} < n: attitude:3; mental attitude:1  {noun.cognition} < n: cognition:1; knowledge:1; noesis:1 {noun.cognition} <  n: psychological feature:1 {noun.attribute} < n: abstraction:1; abstract entity:1 {noun.Tops} < n: entity:1 {noun.Tops}		n: wavelength:1; n: wave:9; undulation:1	n: wavelength:2	n: wavelength:1; n: wave:9; undulation:1	eng-30-05086269-n; eng-30-07345593-n; 
				Light						eng-30-11473954-n	n: light:44; visible light:1; visible radiation:1	noun.phenomenon	n: actinic radiation:1; actinic ray:1 < n: electromagnetic radiation:1; electromagnetic wave:1; nonparticulate radiation:1 < n: radiation:5 < n: energy:5; free energy:1 < n: physical phenomenon:1 < n: natural phenomenon:1 < n: phenomenon:1 < n: process:1; physical process:1 < n: physical entity:1			n: light:35; lightness:2 {noun.attribute} < n: visual property:1 {noun.attribute} < n: property:2 {noun.attribute} < n: attribute:1 {noun.attribute} < n: abstraction:1; abstract entity:1 {noun.Tops} < n: entity:1 {noun.Tops}		n: light:44; visible light:1; visible radiation:1	n: light:35; lightness:2		eng-30-11473954-n; eng-30-04951373-n
				Signal						eng-30-11447319-n; eng-30-06791372-n	n: signal:6; n: signal:4; signaling:1; sign:12	noun.phenomenon; noun.communication	n: electricity:3; electrical energy:1 < n: energy:5; free energy:1 < n: physical phenomenon:1 < n: natural phenomenon:1 < n: phenomenon:1 < n: process:1; physical process:1 < n: physical entity:1	n: communication:1 < n: abstraction:1; abstract entity:1	n: signal:6; n: signal:4	n: signal:5 {noun.motive} < n: incitement:4; incitation:2; provocation:3 < n: psychic energy:1; mental energy:1 < n: motivation:1; motive:1; need:1 < n: psychological feature:1 {noun.attribute} < n: abstraction:1; abstract entity:1 {noun.Tops} < n: entity:1 {noun.Tops}		n: signal:6; n: signal:4; signaling:1; sign:12	n: signal:5	n: signal:6; n: signal:4; signaling:1; sign:12	eng-30-11447319-n; eng-30-06791372-n
				Sound						eng-30-11480930-n	n: sound:24; n: audio:4; sound:19	noun.phenomenon; noun.communication	n: mechanical phenomenon:1 < n: physical phenomenon:1 < n: natural phenomenon:1 < n: phenomenon:1 < n: process:1; physical process:1 < n: physical entity:1	n: auditory communication:1 < n: communication:1 < n: abstraction:1; abstract entity:1		n: sound:17 {noun.attribute} < n: sound property:1 < n: property:2 < n: attribute:1 <  n: abstraction:1; abstract entity:1 {noun.Tops} < n: entity:1 {noun.Tops}		n: sound:24; n: audio:4; sound:19	n: sound:17		eng-30-11480930-n; eng-30-04981139-n
			Force							eng-30-11458624-n	n: force:19	noun.phenomenon	n: physical phenomenon:1 < n: natural phenomenon:1 < n: phenomenon:1 < n: process:1; physical process:1 < n: physical entity:1			 n: force:13; forcefulness:1; strength:3 {noun.attribute} < n: intensity:3; intensiveness:1 < n: degree:1; grade:7; level:15 < n: property:2 < n: attribute:1 <  n: abstraction:1; abstract entity:1 {noun.Tops} < n: entity:1 {noun.Tops}		n: force:19	n: force:13; forcefulness:1; strength:3		eng-30-11458624-n; eng-30-05035353-n
			Heat							eng-30-11466043-n	n: heat:10; heat energy:1	noun.phenomenon	n: energy:5; free energy:1 < n: physical phenomenon:1 < n: natural phenomenon:1 < n: phenomenon:1 < n: process:1; physical process:1 < n: physical entity:1			n: hotness:2; heat:7; high temperature:1 {noun.attribute} < n: temperature:1 < n: fundamental quantity:1; fundamental measure:1 < n: measure:1; quantity:1; amount:1 < n: abstraction:1; abstract entity:1 {noun.Tops} < n: entity:1 {noun.Tops}		n: heat:10; heat energy:1	n: hotness:2; heat:7; high temperature:1		eng-30-11466043-n; eng-30-05016171-n
		Physical Object								eng-30-00001930-n; eng-30-00002684-n; eng-30-00003553-n	n: physical entity:1; n: object:1; physical object:1; n: whole:1; unit:1	noun.Tops	n: entity:1	n: physical entity:1 < n: entity:1	n: object:1; physical object:1 < n: physical entity:1 < n: entity:1	n: physical entity:1		n: physical entity:1; n: object:1; physical object:1; n: whole:1; unit:1	n: physical entity:1; n: object:1; physical object:1; n: whole:1; unit:1		eng-30-00001930-n; eng-30-00002684-n; eng-30-00003553-n
			Animate							eng-30-00004258-n; eng-30-00004475-n	n: living thing:1; animate thing:1;  n: organism:1; being:1	noun.Tops	n: whole:1; unit:1 < n: object:1; physical object:1 < n: physical entity:1	n: living thing:1; animate thing:1;  n: organism:1; being:1		n: organism:1; being:1; animate thing:1 има хипоним cell		n: living thing:1; animate thing:1;  n: organism:1; being:1	n: living thing:1; animate thing:1		eng-30-00004258-n; eng-30-00004475-n
				Animal						eng-30-00015388-n; eng-30-01861778-n	 n: animal:1; animate being:1; beast:1; brute:1; creature:1; fauna:1; n: mammal:1; mammalian:1	noun.animal	n: organism:1; being:1 < n: living thing:1; animate thing:1;  n: organism:1; being:1	n: vertebrate:1; craniate:1 < n: chordate:1 < n: animal:1; animate being:1; beast:1; brute:1; creature:1; fauna:1		n: animal:1; animate being:1; beast:1; brute:1; creature:1		 n: animal:1; animate being:1; beast:1; brute:1; creature:1; fauna:1; n: mammal:1; mammalian:1	 n: animal:1; animate being:1; beast:1; brute:1; creature:1; fauna:1; n: mammal:1; mammalian:1		eng-30-00015388-n; eng-30-01861778-n
					Cat					eng-30-02120997-n	n: feline:1; felid:1	noun.animal	n: carnivore:2 < n: placental:2; placental mammal:1; eutherian:1; eutherian mammal:1 < n: mammal:1; mammalian:1 < n: vertebrate:1; craniate:1 < n: chordate:1 < n: animal:1; animate being:1; beast:1; brute:1; creature:1; fauna:1					n: feline:1; felid:1	n: feline:1; felid:1		eng-30-02120997-n
					Cow					eng-30-02399000-n	n: ruminant:1	noun.animal	n: even-toed ungulate:1; artiodactyl:1; artiodactyl mammal:1 < n: ungulate:1; hoofed mammal:1 < n: placental:2; placental mammal:1; eutherian:1; eutherian mammal:1 < < n: mammal:1; mammalian:1 < n: vertebrate:1; craniate:1 < n: chordate:1 < n: animal:1; animate being:1; beast:1; brute:1; creature:1; fauna:1					n: ruminant:1	n: ruminant:1		eng-30-02399000-n
					Dog					eng-30-02083346-n	n: canine:1; canid:1	noun.animal	n: carnivore:2 < n: placental:2; placental mammal:1; eutherian:1; eutherian mammal:1 < n: mammal:1; mammalian:1 < n: vertebrate:1; craniate:1 < n: chordate:1 < n: animal:1; animate being:1; beast:1; brute:1; creature:1; fauna:1					n: canine:1; canid:1	n: canine:1; canid:1		eng-30-02083346-n
					Fetus					eng-30-01459791-n	n: fetus:1; foetus:1	noun.animal	n: vertebrate:1; craniate:1 < n: chordate:1 < n: animal:1; animate being:1; beast:1; brute:1; creature:1; fauna:1					n: fetus:1; foetus:1	n: fetus:1; foetus:1		eng-30-01459791-n
					Horse					eng-30-02374149-n	n: equine:1; equid:1	noun.animal	n: odd-toed ungulate:1; perissodactyl:1; perissodactyl mammal:1 < n: ungulate:1; hoofed mammal:1 < n: placental:2; placental mammal:1; eutherian:1; eutherian mammal:1 < < n: mammal:1; mammalian:1 < n: vertebrate:1; craniate:1 < n: chordate:1 < n: animal:1; animate being:1; beast:1; brute:1; creature:1; fauna:1					n: equine:1; equid:1	n: equine:1; equid:1		eng-30-02374149-n
					Primate					eng-30-02469914-n	n: primate:1	noun.animal	n: placental:2; placental mammal:1; eutherian:1; eutherian mammal:1 < < n: mammal:1; mammalian:1 < n: vertebrate:1; craniate:1 < n: chordate:1 < n: animal:1; animate being:1; beast:1; brute:1; creature:1; fauna:1					n: primate:1	n: primate:1		eng-30-02469914-n
				Human						eng-30-00007846-n	 n: person:1; individual:1; someone:1; somebody:1; mortal:1; soul:1	noun.person	n: organism:1; being:1 < n: living thing:1; animate thing:1					 n: person:1; individual:1; someone:1; somebody:1; mortal:1; soul:1	 n: person:1; individual:1; someone:1; somebody:1; mortal:1; soul:1		eng-30-00007846-n
					Deity					eng-30-09505418-n	n: deity:1; divinity:4; god:2; immortal:2	noun.person	n: spiritual being:1; supernatural being:1 <  n: belief:2 < n: content:5; cognitive content:1; mental object:1 < n: cognition:1; knowledge:1; noesis:1 < n: psychological feature:1 < n: abstraction:1; abstract entity:1		или n: god:3 {noun.person} < n: superior:10; higher-up:1; superordinate:4 < n: leader:2 < n: person:1; individual:1; someone:1; somebody:1; mortal:1; soul:1 < n: organism:1; being:1 < n: living thing:1; animate thing:1			n: deity:1; divinity:4; god:2; immortal:2	n: deity:1; divinity:4; god:2; immortal:2; n: god:3	n: deity:1; divinity:4; god:2; immortal:2; n: god:3	eng-30-09505418-n; eng-30-10133307-n
					Fetus					eng-30-01459791-n	n: fetus:1; foetus:1	noun.animal	n: vertebrate:1; craniate:1 < n: chordate:1 < n: animal:1; animate being:1; beast:1; brute:1; creature:1; fauna:1					n: fetus:1; foetus:1	n: fetus:1; foetus:1		eng-30-01459791-n
					Ghost					eng-30-09545976-n	n: ghost:6	noun.person	n: soul:5; psyche:2 < n: spirit:7 < n: vital principle:1; life principle:1 < n: causal agent:1; cause:1; causal agency:1 < n: physical entity:1					n: ghost:6	n: ghost:6		eng-30-09545976-n
					Self					eng-30-09604981-n	n: self:3	noun.person	n: person:1; individual:1; someone:1; somebody:1; mortal:1; soul:1 < n: organism:1; being:1 + n: causal agent:1; cause:1; causal agency:1 < ... < n: person:1; individual:1; someone:1; somebody:1; mortal:1; soul:1 < n: organism:1; being:1 + n: causal agent:1; cause:1; causal agency:1 < ... < n: physical entity:1					n: self:3	n: self:3		eng-30-09604981-n
				Bird						eng-30-01503061-n	 n: bird:2	noun.animal	n: vertebrate:1; craniate:1 < n: chordate:1 < n: animal:1; animate being:1; beast:1; brute:1; creature:1; fauna:1					 n: bird:2	 n: bird:2		eng-30-01503061-n
				Cetacean						eng-30-02062017-n	n: aquatic mammal:1	noun.animal	n: placental:2; placental mammal:1; eutherian:1; eutherian mammal:1 			n: cetacean:1; cetacean mammal:1; blower:1 {noun.animal} < n: aquatic mammal:1 < n: placental:2; placental mammal:1; eutherian:1; eutherian mammal:1 < ... < n: organism:1; being:1		n: aquatic mammal:1	n: cetacean:1; cetacean mammal:1; blower:1	n: aquatic mammal:1	eng-30-02062017-n
				Fish						eng-30-01473806-n; eng-30-01974773-n	 n: aquatic vertebrate:1; n: crustacean:1	noun.animal	n: vertebrate:1; craniate:1 < n: chordate:1 < n: animal:1; animate being:1; beast:1; brute:1; creature:1; fauna:1	n: arthropod:1 < n: invertebrate:1 < n: animal:1; animate being:1; beast:1; brute:1; creature:1; fauna:1		 n: aquatic vertebrate:1 + n: crustacean:1 - и двете		 n: aquatic vertebrate:1; n: crustacean:1	 n: aquatic vertebrate:1; n: crustacean:1		eng-30-01473806-n; eng-30-01974773-n
				Insect						eng-30-02159955-n	n: insect:1	noun.animal	n: arthropod:1 < n: invertebrate:1 < n: animal:1; animate being:1; beast:1; brute:1; creature:1; fauna:1					n: insect:1	n: insect:1		eng-30-02159955-n
				Snake						eng-30-01661091-n	 n: reptile:1; reptilian:1	noun.animal	n: vertebrate:1; craniate:1 < n: chordate:1 < n: animal:1; animate being:1; beast:1; brute:1; creature:1; fauna:1					 n: reptile:1; reptilian:1	 n: reptile:1; reptilian:1		eng-30-01661091-n
				Spider						eng-30-01769347-n	n: arachnid:1; arachnoid:1	noun.animal	n: arthropod:1 < n: invertebrate:1 < n: animal:1; animate being:1; beast:1; brute:1; creature:1; fauna:1					n: arachnid:1; arachnoid:1	n: arachnid:1; arachnoid:1		eng-30-01769347-n
			Inanimate							eng-30-00019128-n; eng-30-00021939-n	 n: natural object:1; n: artifact:1; artefact:1	noun.object; noun.artifact	n: whole:1; unit:1 < n: object:1; physical object:1 < n: physical entity:1	n: whole:1; unit:1 < n: object:1; physical object:1 < n: physical entity:1		 n: natural object:1 + n: artifact:1; artefact:1		 n: natural object:1; n: artifact:1; artefact:1	 n: natural object:1; n: artifact:1; artefact:1		eng-30-00019128-n; eng-30-00021939-n
				Artifact						eng-30-00021939-n	n: artifact:1; artefact:1	noun.artifact	n: whole:1; unit:1 < n: object:1; physical object:1 < n: physical entity:1					n: artifact:1; artefact:1	n: artifact:1; artefact:1		eng-30-00021939-n
					Artwork					eng-30-06998748-n; eng-30-04007894-n	 n: artwork:1; art:4; graphics:2; nontextual matter:1; n: product:2; production:5	noun.communication; noun.artifact	n: visual communication:1 < n: communication:1 < n: abstraction:1; abstract entity:1	n: creation:3 < n: artifact:1; artefact:1		n: product:2; production:5		n: product:2; production:5	 n: artwork:1; art:4; graphics:2; nontextual matter:1; n: product:2; production:5		eng-30-06998748-n; eng-30-04007894-n
						Movie				eng-30-03338821-n	n: motion-picture film:1; movie film:1; cine-film:1	noun.artifact	n: film:4; photographic film:1 < n: photographic paper:1; photographic material:1 < n: photographic equipment:1 < n: equipment:1 < n: instrumentality:1; instrumentation:3 < n: artifact:1; artefact:1					n: motion-picture film:1; movie film:1; cine-film:1	n: motion-picture film:1; movie film:1; cine-film:1		eng-30-03338821-n
						Picture				eng-30-03876519-n	n: painting:4; picture:3	noun.artifact	n: graphic art:1 < n: art:2; fine art:1 < n: creation:3 < n: artifact:1; artefact:1					n: painting:4; picture:3	n: painting:4; picture:3		eng-30-03876519-n
					Beverage					eng-30-07881800-n	n: beverage:1; drink:8; drinkable:2; potable:2	noun.food	n: food:1; nutrient:1 < n: substance:2 < n: matter:1 < n: physical entity:1					n: beverage:1; drink:8; drinkable:2; potable:2	n: beverage:1; drink:8; drinkable:2; potable:2		eng-30-07881800-n
						Alcoholic_Drink				eng-30-07884567-n	n: alcohol:1; alcoholic drink:1; alcoholic beverage:1; intoxicant:3; inebriant:1	noun.food	n: beverage:1; drink:8; drinkable:2; potable:2 + n: beverage:1; drink:8; drinkable:2; potable:2 < n: drug:3 < n: agent:6 < n: causal agent:1; cause:1; causal agency:1 < substance:2 + n: physical entity:1					n: alcohol:1; alcoholic drink:1; alcoholic beverage:1; intoxicant:3; inebriant:1	n: alcohol:1; alcoholic drink:1; alcoholic beverage:1; intoxicant:3; inebriant:1		eng-30-07884567-n
							Wine			eng-30-07891726-n	n: wine:4; vino:1	noun.food	n: alcohol:1; alcoholic drink:1; alcoholic beverage:1; intoxicant:3; inebriant:1					n: wine:4; vino:1	n: wine:4; vino:1		eng-30-07891726-n
						Water				eng-30-07935504-n	n: water:6	noun.food	n: food:1; nutrient:1 < n: substance:2 < n: matter:1 < n: physical entity:1					n: water:6	n: water:6		eng-30-07935504-n
					Building					eng-30-04341686-n; eng-30-02913152-n	n: structure:2; construction:4; n: building:3; edifice:1	noun.artifact	n: artifact:1; artefact:1	n: structure:2; construction:4 < n: artifact:1; artefact:1		n: building:3; edifice:1 + някои хипоними от другото		n: structure:2; construction:4; n: building:3; edifice:1	n: structure:2; construction:4; n: building:3; edifice:1		eng-30-04341686-n; eng-30-02913152-n
						Cinema				eng-30-03032252-n	n: cinema:1; movie theater:1; movie theatre:1; movie house:1; picture palace:1	noun.artifact	n: theater:1; theatre:1; house:6 < n: building:3; edifice:1 < n: structure:2; construction:4 < n: artifact:1; artefact:1			hyponym of theater:1		n: cinema:1; movie theater:1; movie theatre:1; movie house:1; picture palace:1	n: cinema:1; movie theater:1; movie theatre:1; movie house:1; picture palace:1		eng-30-03032252-n
						Theater					n: theater:1; theatre:1; house:6	noun.artifact	< n: building:3; edifice:1 < n: structure:2; construction:4 < n: artifact:1; artefact:1					n: theater:1; theatre:1; house:6	n: theater:1; theatre:1; house:6		eng-30-04417809-n
					Device					eng-30-03575240-n; eng-30-03183080-n	n: instrumentality:1; instrumentation:3; n: device:2	noun.artifact	n: artifact:1; artefact:1 < n: whole:1; unit:1 < n: object:1; physical object:1 < n: physical entity:1	n: instrumentality:1; instrumentation:3		n: device:2 {noun.artifact} < n: instrumentality:1; instrumentation:3 < n: artifact:1; artefact:1 < n: whole:1; unit:1 < n: object:1; physical object:1 < n: physical entity:1		n: instrumentality:1; instrumentation:3	n: device:2		eng-30-03575240-n; eng-30-03183080-n
						Software				eng-30-06566077-n; eng-30-04257533-n	n: software:1; software program:1; computer software:1; software system:1; software package:2; package:3; n: software package:1; software product:1	noun.communication; noun.artifact	n: code:4; computer code:1 < n: coding system:1 < n: writing:3 < n: written communication:1; written language:1; black and white:3 < n: communication:1	n: merchandise:2; ware:2; product:1 < n: commodity:1; trade good:1; good:24 < n: artifact:1; artefact:1		n: software package:1; software product:1		n: software:1; software program:1; computer software:1; software system:1; software package:2; package:3; n: software package:1; software product:1	n: software:1; software program:1; computer software:1; software system:1; software package:2; package:3; n: software package:1; software product:1		eng-30-06566077-n; eng-30-04257533-n
					Document					eng-30-03217458-n	n: document:3; n: document:4; written document:1; papers:1	noun.artifact; noun.communication	n: representation:3 < n: creation:3 < n: artifact:1; artefact:1 < 	n: writing:4; written material:1; piece of writing:1< n: written communication:1; written language:1; black and white:3 < n: communication:1		n: document:3 + n: document:4; written document:1; papers:1		n: document:3; n: document:4; written document:1; papers:1	n: document:4; written document:1; papers:1		eng-30-03217458-n
						Agreement				eng-30-06479665-n	n: legal document:1; legal instrument:1; official document:1; instrument:8	noun.communication	n: document:4; written document:1; papers:1 < n: writing:4; written material:1; piece of writing:1 < n: written communication:1; written language:1; black and white:3 < n: communication:1			 n: agreement:3; understanding:5 {noun.communication} < n: statement:4 < n: message:5; content:6; subject matter:1; substance:5 < n: communication:1 < n: abstraction:1; abstract entity:1 {noun.Tops} < n: entity:1  {noun.Tops}		n: legal document:1; legal instrument:1; official document:1; instrument:8	n: agreement:3; understanding:5		eng-30-06479665-n; eng-30-06770275-n
					Food					eng-30-00021265-n; eng-30-07555863-n	n: food:1; nutrient:1; n: food:3; solid food:1	noun.food	n: substance:2 < n: matter:1 < n: physical entity:1	n: solid:18 < n: matter:1 < n: physical entity:1		n: food:1; nutrient:1 + n: food:3; solid food:1		n: food:1; nutrient:1; n: food:3; solid food:1	n: food:1; nutrient:1		eng-30-00021265-n; eng-30-07555863-n
						Meat				eng-30-07649854-n	n: meat:2	noun.food	n: food:3; solid food:1 < n: solid:18 < n: matter:1 < n: physical entity:1					n: meat:2	n: meat:2		eng-30-07649854-n
					Garment					eng-30-03051540-n; eng-30-03419014-n	n: clothing:1; article of clothing:1; vesture:2; wear:11; wearable:2; habiliment:1; n: garment:2	noun.artifact	n: consumer goods:1 < n: commodity:1; trade good:1; good:24 < n: artifact:1; artefact:1    +     n: artifact:1; artefact:1 < n: whole:1; unit:1 < n: object:1; physical object:1 < n: physical entity:1	n: clothing:1; article of clothing:1; vesture:2; wear:11; wearable:2; habiliment:1 < ...		n: clothing:1; article of clothing:1; vesture:2; wear:11; wearable:2; habiliment:1 +  n: garment:2		n: clothing:1; article of clothing:1; vesture:2; wear:11; wearable:2; habiliment:1; n: garment:2	n: garment:2		eng-30-03051540-n; eng-30-03419014-n
						Footwear				eng-30-03381126-n	n: footwear:2; n: footwear:1; footgear:1	noun.artifact	n: clothing:1; article of clothing:1; vesture:2; wear:11; wearable:2; habiliment:1	n: covering:4 < n: artifact:1; artefact:1 < n: whole:1; unit:1 < n: object:1; physical object:1 < n: physical entity:1		n: footwear:2 + n: footwear:1; footgear:1		n: footwear:2; n: footwear:1; footgear:1	n: footwear:2; n: footwear:1; footgear:1		eng-30-03381126-n
					Machine					eng-30-03699975-n	n: machine:4	noun.artifact	n: device:2 < n: instrumentality:1; instrumentation:3 < n: artifact:1; artefact:1	n: device:2 < n: instrumentality:1; instrumentation:3				n: machine:4	n: machine:4		eng-30-03699975-n
						Vehicle				eng-30-03100490-n; eng-30-04524313-n	n: conveyance:3; transport:8; n: vehicle:1	noun.artifact	n: instrumentality:1; instrumentation:3 < n: artifact:1; artefact:1	n: conveyance:3; transport:8 < n: instrumentality:1; instrumentation:3 < n: artifact:1; artefact:1 < n: whole:1; unit:1 < n: object:1; physical object:1 < n: physical entity:1		n: conveyance:3; transport:8 + n: vehicle:1		n: conveyance:3; transport:8; n: vehicle:1	n: vehicle:1		eng-30-03100490-n; eng-30-04524313-n
							Road_Vehicle			eng-30-04576211-n	n: wheeled vehicle:1	noun.artifact	n: container:1 < ... + n: vehicle:1 < n: conveyance:3; transport:8 < n: instrumentality:1; instrumentation:3 < n: artifact:1; artefact:1					n: wheeled vehicle:1	n: wheeled vehicle:1		eng-30-04576211-n
								Bicycle		eng-30-02834778-n	n: bicycle:2; bike:2; wheel:5; cycle:6	noun.artifact	n: wheeled vehicle:1					n: bicycle:2; bike:2; wheel:5; cycle:6	n: bicycle:2; bike:2; wheel:5; cycle:6		eng-30-02834778-n
								Car		eng-30-02958343-n	n: car:2; auto:1; automobile:2; machine:3; motorcar:1	noun.artifact	n: motor vehicle:1; automotive vehicle:1 < n: self-propelled vehicle:1 < n: wheeled vehicle:1 < ...					n: car:2; auto:1; automobile:2; machine:3; motorcar:1	n: car:2; auto:1; automobile:2; machine:3; motorcar:1		eng-30-02958343-n
								Motorbike		eng-30-03790512-n	n: motorcycle:2; bike:3	noun.artifact	n: motor vehicle:1; automotive vehicle:1 < n: self-propelled vehicle:1 < n: wheeled vehicle:1 < ...					n: motorcycle:2; bike:3	n: motorcycle:2; bike:3		eng-30-03790512-n
								Truck		eng-30-04490091-n	n: truck:3; motortruck:1	noun.artifact	n: motor vehicle:1; automotive vehicle:1 < n: self-propelled vehicle:1 < n: wheeled vehicle:1 < ...					n: truck:3; motortruck:1	n: truck:3; motortruck:1		eng-30-04490091-n
							Water_Vehicle			eng-30-04530566-n	n: vessel:1; watercraft:1	noun.artifact (vessel, watercraft)	n: craft:3 < n: vehicle:1 < n: conveyance:3; transport:8 < n: instrumentality:1; instrumentation:3 < n: artifact:1; artefact:1 < n: whole:1; unit:1 < n: object:1; physical object:1 < n: physical entity:1					n: vessel:1; watercraft:1	n: vessel:1; watercraft:1		eng-30-04530566-n
								Boat		eng-30-02858304-n	n: boat:2	noun.artifact	noun.artifact (vessel, watercraft)					n: boat:2	n: boat:2		eng-30-02858304-n
								Ship		eng-30-04194289-n	n: ship:6	noun.artifact	noun.artifact (vessel, watercraft)					n: ship:6	n: ship:6		eng-30-04194289-n
							Plane			eng-30-02686568-n; eng-30-04264914-n	n: aircraft:1;  n: spacecraft:1; ballistic capsule:1; space vehicle:1	noun.artifact	n: craft:3 < n: vehicle:1 < n: conveyance:3; transport:8 < n: instrumentality:1; instrumentation:3 < n: artifact:1; artefact:1 < n: whole:1; unit:1 < n: object:1; physical object:1 < n: physical entity:1	n: craft:3 < n: vehicle:1 < n: conveyance:3; transport:8 < n: instrumentality:1; instrumentation:3 < n: artifact:1; artefact:1 < n: whole:1; unit:1 < n: object:1; physical object:1 < n: physical entity:1		n: aircraft:1		n: aircraft:1;  n: spacecraft:1; ballistic capsule:1; space vehicle:1	n: aircraft:1;  n: spacecraft:1; ballistic capsule:1; space vehicle:1		eng-30-02686568-n; eng-30-04264914-n
							Train			eng-30-04468005-n	n: train:13; railroad train:1	noun.artifact	n: public transport:1 < n: conveyance:3; transport:8 < n: instrumentality:1; instrumentation:3 < n: artifact:1; artefact:1 < n: whole:1; unit:1 < n: object:1; physical object:1 < n: physical entity:1					n: train:13; railroad train:1	n: train:13; railroad train:1		eng-30-04468005-n
						Computer				eng-30-03082979-n	n: computer:1; computing machine:1; computing device:1; data processor:1; electronic computer:1; information processing system:1	noun.artifact	n: machine:4 < n: device:2 < n: instrumentality:1; instrumentation:3 < n: artifact:1; artefact:1					n: computer:1; computing machine:1; computing device:1; data processor:1; electronic computer:1; information processing system:1	n: computer:1; computing machine:1; computing device:1; data processor:1; electronic computer:1; information processing system:1		eng-30-03082979-n
					Weapon					eng-30-04565375-n	n: weapon:1; arm:6; weapon system:1; n: weaponry:1; arms:2; implements of war:1; weapons system:1; munition:4 	noun.artifact	n: instrument:5 < n: device:2 < n: instrumentality:1; instrumentation:3 < n: artifact:1; artefact:1	n: weaponry:1; arms:2; implements of war:1; weapons system:1; munition:4 < n: instrumentality:1; instrumentation:3 < n: artifact:1; artefact:1		n: weapon:1; arm:6; weapon system:1 +  n: weaponry:1; arms:2; implements of war:1; weapons system:1; munition:4 		n: weapon:1; arm:6; weapon system:1; n: weaponry:1; arms:2; implements of war:1; weapons system:1; munition:4 	n: weapon:1; arm:6; weapon system:1 		eng-30-04565375-n; eng-30-04566257-n
						Bomb				eng-30-03305522-n	n: explosive device:1	noun.artifact	n: device:2 < n: instrumentality:1; instrumentation:3					n: explosive device:1	n: explosive device:1		eng-30-03305522-n
						Firearm				eng-30-03467984-n	n: gun:6	noun.artifact	n: weapon:1; arm:6; weapon system:1 < n: instrument:5 < n: device:2 < n: instrumentality:1; instrumentation:3 < n: artifact:1; artefact:1					n: gun:6	n: gun:6		eng-30-03467984-n
						Projectile				eng-30-04008634-n	n: projectile:2; missile:2	noun.artifact	n: weaponry:1; arms:2; implements of war:1; weapons system:1; munition:4 < n: instrumentality:1; instrumentation:3 < n: artifact:1; artefact:1					n: projectile:2; missile:2	n: projectile:2; missile:2		eng-30-04008634-n
					Ball					eng-30-04274530-n	n: sphere:1	noun.artifact	n: artifact:1; artefact:1					n: sphere:1	n: sphere:1		eng-30-04274530-n
					Ceramic					eng-30-02997391-n	n: ceramic:1	noun.artifact	n: instrumentality:1; instrumentation:3 < n: artifact:1; artefact:1					n: ceramic:1	n: ceramic:1		eng-30-02997391-n
					Container					eng-30-03094503-n	n: container:1	noun.artifact	n: instrumentality:1; instrumentation:3 < n: artifact:1; artefact:1					n: container:1	n: container:1		eng-30-03094503-n
					Drug					eng-30-03247620-n	n: drug:3	noun.artifact	n: agent:6 < n: causal agent:1; cause:1; causal agency:1 < substance:2 + n: physical entity:1					n: drug:3	n: drug:3		eng-30-03247620-n
					Engine					eng-30-03287733-n; 	n: engine:1; n: engine:2	noun.artifact	n: engine:1 < motor:4 < n: machine:4					n: engine:1; n: engine:2	n: engine:1; n: engine:2		eng-30-03287733-n; 
					Flag					eng-30-03354903-n; eng-30-06875094-n	n: flag:7; n: flag:11; signal flag:1	noun.artifact; noun.communication	n: emblem:1 < n: design:9; pattern:4; figure:7 < n: decoration:2; ornament:3; ornamentation:2 < n: artifact:1; artefact:1 < 	n: visual signal:1 < n: signal:4; signaling:1; sign:12 < n: communication:1 < n: abstraction:1; abstract entity:1				n: flag:7; n: flag:11; signal flag:1	n: flag:7; n: flag:11; signal flag:1		eng-30-03354903-n; eng-30-06875094-n
					Furniture					eng-30-03405265-n	n: furnishing:2	noun.artifact	n: instrumentality:1; instrumentation:3					n: furnishing:2	n: furnishing:2		eng-30-03405265-n
					Image					eng-30-03931044-n	n: picture:5; image:4; icon:2; ikon:2	noun.artifact	n: representation:3 < n: creation:3 < n: artifact:1; artefact:1					n: picture:5; image:4; icon:2; ikon:2	n: picture:5; image:4; icon:2; ikon:2		eng-30-03931044-n
					Medium					eng-30-06254669-n	n: medium:5	noun.communication	n: instrumentality:1; instrumentation:3 < n: artifact:1; artefact:1					n: medium:5	n: medium:5		eng-30-06254669-n
					Musical_Instrument					eng-30-03800933-n	n: musical instrument:1; instrument:6	noun.artifact	n: device:2					n: musical instrument:1; instrument:6	n: musical instrument:1; instrument:6		eng-30-03800933-n
					String					eng-30-03106110-n	n: cord:3	noun.artifact	n: line:10 < n: artifact:1; artefact:1					n: cord:3	n: cord:3		eng-30-03106110-n
				Light_Source						eng-30-04263760-n	n: source of illumination:1	noun.artifact	n: device:2					n: source of illumination:1	n: source of illumination:1		eng-30-04263760-n
					Flame					eng-30-13480848-n	n: fire:16; flame:4; flaming:3	n: fire:16; flame:4; flaming:3	n: fire:16; flame:4; flaming:3					n: fire:16; flame:4; flaming:3	n: fire:16; flame:4; flaming:3		eng-30-13480848-n
				Location						eng-30-00027167-n	n: location:1	noun.location	hypernym:  n: object:1; physical object:1					n: location:1	n: location:1		eng-30-00027167-n
					Building					eng-30-02913152-n	n: building:3; edifice:1	noun.artifact	n: artifact:1; artefact:1					n: building:3; edifice:1	n: building:3; edifice:1		eng-30-02913152-n
						Cinema				eng-30-03032252-n	n: cinema:1; movie theater:1; movie theatre:1; movie house:1; picture palace:1	noun.artifact	n: theater:1; theatre:1; house:6 < n: building:3; edifice:1 < n: structure:2; construction:4 < n: artifact:1; artefact:1					n: cinema:1; movie theater:1; movie theatre:1; movie house:1; picture palace:1	n: cinema:1; movie theater:1; movie theatre:1; movie house:1; picture palace:1		eng-30-03032252-n
						Theater					n: theater:1; theatre:1; house:6	noun.artifact	< n: building:3; edifice:1 < n: structure:2; construction:4 < n: artifact:1; artefact:1					n: theater:1; theatre:1; house:6	n: theater:1; theatre:1; house:6		eng-30-04417809-n
					Light_Source					eng-30-04263760-n	n: source of illumination:1	noun.artifact	n: device:2					n: source of illumination:1	n: source of illumination:1		eng-30-04263760-n
						Flame				eng-30-13480848-n	n: fire:16; flame:4; flaming:3	noun.process???						n: fire:16; flame:4; flaming:3	n: fire:16; flame:4; flaming:3		eng-30-13480848-n
					Natural_Landscape_Feature					 eng-30-00002684-n	n: object:1; physical object:1	noun.object	n: physical entity:1					n: object:1; physical object:1	n: object:1; physical object:1		 eng-30-00002684-n
						Watercourse				eng-30-04559275-n; eng-30-09475179-n	n: watercourse:1; waterway:1; n: watercourse:3	noun.artifact, noun.object	n: watercourse:1; waterway:1 < hypernym: n: way:5 < n: artifact:1; artefact:1 < n: whole:1; unit:1 < n: object:1; physical object:1 < n: physical entity:1	n: watercourse:3 < hypernym: n: channel:10 < n: body of water:1; water:7 < n: thing:1 < < n: physical entity:1				n: watercourse:1; waterway:1; n: watercourse:3	n: watercourse:1; waterway:1;	n: watercourse:1; waterway:1;	eng-30-04559275-n
							Waterway			eng-30-04559275-n; eng-30-09476331-n	n: watercourse:1; waterway:1; n: waterway:2	noun.artifact, noun.object	n: watercourse:1; waterway:1 < hypernym: n: way:5 < n: artifact:1; artefact:1 < n: whole:1; unit:1 < n: object:1; physical object:1 < n: physical entity:1	n: waterway:2 < hypernym: n: body of water:1; water:7 <  < n: thing:1 < < n: physical entity:1				n: watercourse:1; waterway:1; n: waterway:2	n: waterway:2	n: waterway:2	eng-30-09476331-n
						Hill				eng-30-03792048-n;  eng-30-09303008-n	n: mound:3; hill:2;   n: hill:4	noun.artifact, noun.object	n: mound:3; hill:2; < hypernym: n: structure:2; construction:4 < n: artifact:1; artefact:1 < ...	n: hill:4 < hypernym: n: natural elevation:1; elevation:6 < n: geological formation:1; formation:6 < n: object:1; physical object:1 < ...				n: mound:3; hill:2;   n: hill:4	n: hill:4		eng-30-03792048-n;  eng-30-09303008-n
						Land				eng-30-09334396-n; eng-30-13246662-n	n: land:13; dry land:1; earth:7; ground:20; solid ground:1; terra firma:1; n: estate:2; land:15; landed estate:1; acres:1; demesne:2	noun.object, noun.possession	n: land:13; dry land:1; earth:7; ground:20; solid ground:1; terra firma:1; < hypernym: n: object:1; physical object:1	n: estate:2; land:15; landed estate:1; acres:1; demesne:2 < n: real property:1; real estate:1; realty:1; immovable:2 <  n: property:5; belongings:1; holding:2 < n: possession:1 < n: relation:1 <  n: abstraction:1; abstract entity:1		n: land:13; dry land:1; earth:7; ground:20; solid ground:1; terra firma		n: land:13; dry land:1; earth:7; ground:20; solid ground:1; terra firma:1; n: estate:2; land:15; landed estate:1; acres:1; demesne:2	n: land:13; dry land:1; earth:7; ground:20; solid ground:1; terra firma:1;		eng-30-09334396-n; eng-30-13246662-n
					Route					eng-30-04096066-n; eng-30-08616311-n	n: road:2; route:4; n: path:3; route:5; itinerary:3	noun.artifact, noun.location	n: road:2; route:4 < hypernym: n: way:5 < n: artifact:1; artefact:1 < n: whole:1; unit:1 < n: object:1; physical object:1 < n: physical entity:1	n: path:3; route:5; itinerary:3 < hypernym: n: line:29 < n: location:1 < n: object:1; physical object:1		n: road:2; route:4; n: path:3; route:5; itinerary:3		n: road:2; route:4; n: path:3; route:5; itinerary:3	n: road:2; route:4		eng-30-04096066-n; eng-30-08616311-n
						Waterway				eng-30-04559275-n; eng-30-09476331-n	n: watercourse:1; waterway:1; n: waterway:2	noun.artifact, noun.object	n: way:5 < n: artifact:1; artefact:1 < n: whole:1; unit:1 < n: object:1; physical object:1 < n: physical entity:1	n: body of water:1; water:7 <  < n: thing:1 < < n: physical entity:1		n: watercourse:1; waterway:1; n: waterway:2		n: watercourse:1; waterway:1; n: waterway:2	n: watercourse:1; waterway:1; n: waterway:2		eng-30-04559275-n; eng-30-09476331-n
					Aperture					eng-30-02727016-n; eng-30-09201031-n	n: aperture:1; n: space:1	noun.artifact, noun.object	n: opening:7; < n: artifact:1; artefact:1 < ...	n: location:1		n: aperture:3		n: aperture:1; n: space:1	n: aperture:1	n: aperture:1	eng-30-02727016-n
					Area					eng-30-02735688-n; eng-30-08497294-n	n: area:1; n: area:5; country:3	noun.artifact, noun.location	n: area:1; < n: structure:2; construction:4 <...	n: area:5; country:3 < hypernym: n: region:4 < n: location:1 < ...		n: space:1		n: area:1; n: area:5; country:3	n: area:1; n: area:5; country:3		eng-30-02735688-n; eng-30-08497294-n
				Stuff						eng-30-00020827-n	n: matter:1	noun.substance	n: physical entity:1			n: stuff:8 {noun.artifact} < n: object:1; physical object:1 {noun.Tops} < n: physical entity:1 {noun.Tops}		n: matter:1	n: stuff:8		eng-30-00020827-n
					Fluid					eng-30-14939445-n	n: fluid:6	noun.substance	n: matter:1 < n: physical entity:1					n: fluid:6	n: fluid:6		eng-30-14939445-n
						Liquid				eng-30-14940100-n	n: liquid:10	noun.substance	n: fluid:6 < n: matter:1 < n: physical entity:1					n: liquid:10	n: liquid:10		eng-30-14940100-n
							Beverage			eng-30-07881800-n	n: beverage:1; drink:8; drinkable:2; potable:2	noun.food	n: food:1; nutrient:1 < n: substance:2 < n: matter:1 < n: physical entity:1					n: beverage:1; drink:8; drinkable:2; potable:2	n: beverage:1; drink:8; drinkable:2; potable:2		eng-30-07881800-n
								Alcoholic_Drink		eng-30-07884567-n	n: alcohol:1; alcoholic drink:1; alcoholic beverage:1; intoxicant:3; inebriant:1	noun.food	n: beverage:1; drink:8; drinkable:2; potable:2 + n: beverage:1; drink:8; drinkable:2; potable:2 < n: drug:3 < n: agent:6 < n: causal agent:1; cause:1; causal agency:1 < substance:2 + n: physical entity:1					n: alcohol:1; alcoholic drink:1; alcoholic beverage:1; intoxicant:3; inebriant:1	n: alcohol:1; alcoholic drink:1; alcoholic beverage:1; intoxicant:3; inebriant:1		eng-30-07884567-n
									Wine	eng-30-07891726-n	n: wine:4; vino:1	noun.food	n: alcohol:1; alcoholic drink:1; alcoholic beverage:1; intoxicant:3; inebriant:1					n: wine:4; vino:1	n: wine:4; vino:1		eng-30-07891726-n
								Water		eng-30-07935504-n	n: water:6	noun.food	n: food:1; nutrient:1 < n: substance:2 < n: matter:1 < n: physical entity:1					n: water:6	n: water:6		eng-30-07935504-n
							Water			eng-30-14845743-n	n: water:8; H2O:2	noun.substance	n: liquid:10					n: water:8; H2O:2	n: water:8; H2O:2		eng-30-14845743-n
						Vapour				eng-30-15055633-n	n: vapor:2; vapour:2	noun.substance	hypernym: n: suspension:6 < n: mixture:5 < n: substance:1					n: vapor:2; vapour:2	n: vapor:2; vapour:2		eng-30-15055633-n
							Air			eng-30-14841267-n	n: air:14	noun.substance	n: air:14 < n: gas:7 < n: fluid:6 < ...					n: air:14	n: air:14		eng-30-14841267-n
							Gas			eng-30-14877585-n	n: gas:7	noun.substance	n: fluid:6					n: gas:7	n: gas:7		eng-30-14877585-n
							Smell			eng-30-04980008-n	n: olfactory property:1; smell:7; aroma:1; odor:1; odour:1; scent:4	noun.attribute, noun.cognition	това тука ли му е мястото?					n: olfactory property:1; smell:7; aroma:1; odor:1; odour:1; scent:4	n: olfactory property:1; smell:7; aroma:1; odor:1; odour:1; scent:4	Не му е тук мястото?	eng-30-04980008-n
					Solid					eng-30-15046900-n	n: solid:18	noun.substance	n: matter:1					n: solid:18	n: solid:18		eng-30-15046900-n
						Material				eng-30-14580897-n	n: material:11; stuff:14	noun.substance	 n: substance:1 <  n: matter:1					n: material:11; stuff:14	n: material:11; stuff:14		eng-30-14580897-n
							Cloth			eng-30-03309808-n	n: fabric:1; cloth:1; material:7; textile:2	noun.artifact	n: artifact:1; artefact:1 <...					n: fabric:1; cloth:1; material:7; textile:2	n: fabric:1; cloth:1; material:7; textile:2		eng-30-03309808-n
								Thread		eng-30-04426788-n	n: thread:7; yarn:2	noun.artifact	n: cord:3 < n: line:10 < n: artifact:1; artefact:1					n: thread:7; yarn:2	n: thread:7; yarn:2		eng-30-04426788-n
							Glass			eng-30-14881303-n	n: glass:12	noun.substance	n: solid:18					n: glass:12	n: glass:12		eng-30-14881303-n
							Metal			eng-30-14586769-n; eng-30-14625458-n	n: alloy:4; metal:3; n: metallic element:1; metal:4	noun.substance	n: alloy:4; metal:3 < n: mixture:5 < n: substance:1	n: metallic element:1; metal:4 <  n: chemical element:1; element:6 < n: substance:1		n: alloy:4; metal:3; n: metallic element:1; metal:4		n: alloy:4; metal:3; n: metallic element:1; metal:4	n: alloy:4; metal:3		eng-30-14586769-n; eng-30-14625458-n
							Wood			eng-30-15098161-n	n: wood:4	noun.substance	n: plant material:1; plant substance:1 < n: material:11; stuff:14 < n: substance:1					n: wood:4	n: wood:4		eng-30-15098161-n
					Dust					eng-30-14840092-n	n: dust:6; n: dust:5	noun.substance	n: dust:6 < n: material:11; stuff:14 < n: substance:1	n: dust:5 < n: particulate:2; particulate matter:1 < n: material:11; stuff:14 < n: substance:1		n: dust:6; n: dust:5		n: dust:6; n: dust:5	n: dust:6		eng-30-14840092-n
					Soil					eng-30-14844693-n	n: soil:5; dirt:4	noun.substance	n: earth:8; ground:23 < n: material:11; stuff:14 < n: substance:1					n: soil:5; dirt:4	n: soil:5; dirt:4		eng-30-14844693-n
				Blemish						eng-30-04694441-n; eng-30-04695176-n	n: smudge:2; spot:13; blot:4; daub:5; smear:6; smirch:4; slur:5; n: stain:6; discoloration:2; discolouration:2	noun.attribute (smudge:2; stain:6)	n: smudge:2; spot:13; blot:4; daub:5; smear:6; smirch:4; slur:5 < n: blemish:4; defect:2; mar:3 < n: appearance:4; visual aspect:1 < n: quality:3 < n: attribute:1 < n: abstraction:1; abstract entity:1	n: stain:6; discoloration:2; discolouration:2 < n: appearance:4; visual aspect:1 < n: quality:3 < n: attribute:1 < n: abstraction:1; abstract entity:1		???		n: smudge:2; spot:13; blot:4; daub:5; smear:6; smirch:4; slur:5; n: stain:6; discoloration:2; discolouration:2	n: blemish:4; defect:2; mar:3		eng-30-04694441-n; eng-30-04695176-n; eng-30-04692157-n
				Structure						eng-30-04341686-n; eng-30-02913152-n	n: structure:2; construction:4	noun.artifact	n: artifact:1; artefact:1					n: structure:2; construction:4	n: structure:2; construction:4		eng-30-04341686-n; eng-30-02913152-n
			Plant							eng-30-00017222-n	n: plant:1; flora:1; plant life:1	noun.plant	n: organism:1; being:1 < n: living thing:1; animate thing:1 < n: whole:1; unit:1 < n: object:1; physical object:1					n: plant:1; flora:1; plant life:1	n: plant:1; flora:1; plant life:1		eng-30-00017222-n
				Tree						eng-30-13103136-n	n: woody plant:1; ligneous plant:1	noun.plant	n: vascular plant:1; tracheophyte:1 < n: plant:1; flora:1; plant life:1			n: tree:5 < n: woody plant:1; ligneous plant:1 < n: vascular plant:1; tracheophyte:1 < n: plant:1; flora:1; plant life:1		n: woody plant:1; ligneous plant:1	n: tree:5		eng-30-13103136-n; eng-30-13104059-n
		Particle								eng-30-09386422-n; eng-30-14585519-n	n: particle:2; subatomic particle:1; n: atom:1; molecule:1; particle:3; corpuscle:2; mote:1; speck:4	noun.object; noun.substance	n: particle:2; subatomic particle:1 < n: body:12 < n: natural object:1 < n: whole:1; unit:1 < ...	n: atom:1; molecule:1; particle:3; corpuscle:2; mote:1; speck:4 < n: material:11; stuff:14 < n: substance:1		n: particle:2; subatomic particle:1; n: atom:1; molecule:1; particle:3; corpuscle:2; mote:1; speck:4		n: particle:2; subatomic particle:1; n: atom:1; molecule:1; particle:3; corpuscle:2; mote:1; speck:4	n: particle:2; subatomic particle:1		eng-30-09386422-n; eng-30-14585519-n
		Self								eng-30-09604981-n; eng-30-05675601-n	n: self:3; n: self:2; ego:2	noun.person; noun.cognition	n: person:1; individual:1; someone:1; somebody:1; mortal:1; soul:1 < n: organism:1; being:1 + n: causal agent:1; cause:1; causal agency:1 < ... < n: person:1; individual:1; someone:1; somebody:1; mortal:1; soul:1 < n: organism:1; being:1 + n: causal agent:1; cause:1; causal agency:1 < ... < n: physical entity:1	n: consciousness:1 < n: cognitive state:1; state of mind:1 < n: psychological state:1; psychological condition:1; mental state:1; mental condition:1 < n: condition:11; status:1 < n: state:1 < n: attribute:1 < n: abstraction:1; abstract entity:1				n: self:3; n: self:2; ego:2	n: self:3		eng-30-09604981-n; eng-30-05675601-n
																					
	Eventuality										n: event:1		n: psychological feature:1 < n: abstraction:1; abstract entity:1			n: eventuality:1; contingency:1; contingence:1 < n: happening:1; occurrence:1; occurrent:2; natural event:1 < n: event:1 < hypernym: en - n: psychological feature:1 < n: abstraction:1; abstract entity:1		n: event:1	n: eventuality:1; contingency:1; contingence:1	n: event:1	eng-30-00029378-n; 
		Event								eng-30-00029378-n	n: event:1	noun.Tops	n: psychological feature:1 < n: abstraction:1; abstract entity:1			n: event:1 < hypernym: en - n: psychological feature:1 < n: abstraction:1; abstract entity:1		n: event:1	n: event:1		eng-30-00029378-n
			Activity							eng-30-00030358-n	n: act:3; deed:1; human action:1; human activity:1	noun.act	n: event:1 < n: psychological feature:1 < n: abstraction:1; abstract entity:1			n: activity:1 < n: act:3; deed:1; human action:1; human activity:1 < n: event:1 < n: psychological feature:1 < n: abstraction:1; abstract entity:1		n: act:3; deed:1; human action:1; human activity:1	n: activity:1		eng-30-00030358-n; eng-30-00407535-n
				Action						eng-30-00037396-n; eng-30-00407535-n	n: action:1; n: activity:1	noun.act	n: act:3; deed:1; human action:1; human activity:1	n: act:3; deed:1; human action:1; human activity:1				n: action:1; n: activity:1	n: action:1; n: activity:1		eng-30-00037396-n; eng-30-00407535-n
					Decision					eng-30-00162632-n	n: decision:1; determination:2; conclusion:1	noun.act	n: decision:1; determination:2; conclusion:1 < n: choice:1; selection:1; option:1; pick:1 < n: action:1					n: decision:1; determination:2; conclusion:1	n: decision:1; determination:2; conclusion:1		eng-30-00162632-n
				Performance						eng-30-00550771-n; eng-30-06891493-n	 n: performance:3; n: performance:4; public presentation:1	noun.act; noun.communication	n: performance:3 < n: presentation:1; presentment:1; demonstration:1 < n: show:1 < n: entertainment:1; amusement:1 < n: diversion:2; recreation:2 < n: activity:1 < n: act:3; deed:1; human action:1; human activity:1; 	n: performance:4; public presentation:1 < n: show:15 < n: social event:1 < n: event:1				 n: performance:3; n: performance:4; public presentation:1	 n: performance:3		eng-30-00550771-n; eng-30-06891493-n
					Broadcast					eng-30-06619428-n	n: broadcast:5; program:8; programme:7	noun.communication						n: broadcast:5; program:8; programme:7	n: broadcast:5; program:8; programme:7		eng-30-06619428-n
					Movie					eng-30-06613686-n	n: movie:1; film:7; picture:9; moving picture:1; moving-picture show:1; motion picture:1; motion-picture show:1; picture show:1; pic:2; flick:10	noun.communication	n: product:2; production:5 + n: show:15					n: movie:1; film:7; picture:9; moving picture:1; moving-picture show:1; motion picture:1; motion-picture show:1; picture show:1; pic:2; flick:10	n: movie:1; film:7; picture:9; moving picture:1; moving-picture show:1; motion picture:1; motion-picture show:1; picture show:1; pic:2; flick:10		eng-30-06613686-n
					Musical_Performance											n: musical performance:1 {noun.act} < n: performance:3 {noun.act} < n: presentation:1; presentment:1; demonstration:1 < n: show:1 < ... < n: psychological feature:1 < n: abstraction:1; abstract entity:1		n: musical performance:1	n: musical performance:1		eng-30-00100253-n
					Radio_Program											n: radio:3; wireless:2 {noun.artifact} < n: communication system:2 < n: system:1 < n: instrumentality:1; instrumentation:3 < n: artifact:1; artefact:1		n: radio broadcast:1	n: radio:3; wireless:2 		eng-30-06622366-n; eng-30-04041544-n
					TV_Program											n: television receiver:1; television:2; television set:1; tv:1; tv set:1; idiot box:1; boob tube:1; telly:1; goggle box:1 {noun.artifact} < n: receiver:1; receiving system:1 < ... < n: instrumentality:1; instrumentation:3 < n: artifact:1; artefact:1		n: television program:1; TV program:1; television show:1; TV show:1	n: television program:1; TV program:1; television show:1; TV show:1		eng-30-06620579-n
					Theatrical_Performance											n: theatrical performance:1; theatrical:3; representation:7; histrionics:1 {noun.communication} < n: performance:4; public presentation:1 < ... < n: psychological feature:1 < n: abstraction:1; abstract entity:1 		n: theatrical performance:1; theatrical:3; representation:7; histrionics:1	n: theatrical performance:1; theatrical:3; representation:7; histrionics:1		eng-30-06893885-n
				Speech_Act						eng-30-07160883-n	n: speech act:1	noun.communication	n: speech act:1 < n: act:3; deed:1; human action:1; human activity:1					n: speech act:1	n: speech act:1		eng-30-07160883-n
					Agreement					eng-30-07175241-n	n: agreement:4	noun.communication	n: speech act:1					n: agreement:4	n: agreement:4		eng-30-07175241-n
					Command					eng-30-07168131-n	n: command:10; bid:10; bidding:2; dictation:3	noun.communication	n: speech act:1					n: command:10; bid:10; bidding:2; dictation:3	n: command:10; bid:10; bidding:2; dictation:3		eng-30-07168131-n
					Offer					eng-30-07185076-n	n: offer:16; offering:3	noun.communication	n: speech act:1					n: offer:16; offering:3	n: offer:16; offering:3		eng-30-07185076-n
					Question					eng-30-07193184-n	n: questioning:4; inquiring:2	noun.communication	n: request:5; asking:1 > n: speech act:1					n: questioning:4; inquiring:2	n: questioning:4; inquiring:2		eng-30-07193184-n
					Request					eng-30-07185325-n	n: request:5; asking:1	noun.communication	n: speech act:1					n: request:5; asking:1	n: request:5; asking:1		eng-30-07185325-n
				Investigation						eng-30-00633864-n; eng-30-05800611-n	n: investigation:1; investigating:1; n: probe:6; investigation:2	noun.act, noun.cognition	n: investigation:1; investigating:1 < n: work:5 < n: activity:1 < n: act:3; deed:1; human action:1; human activity:1	n: probe:6; investigation:2 < n: inquiry:2; enquiry:2; research:4 < n: problem solving:1 <  n: thinking:2; thought:1; thought process:1; cerebration:1; intellection:1; mentation:1 < n: higher cognitive process:1 < n: process:11; cognitive process:1; mental process:1; operation:8; cognitive operation:1 < n: cognition:1; knowledge:1; noesis:1 < n: psychological feature:1 < n: abstraction:1; abstract entity:1		n: investigation:1; investigating:1		n: investigation:1; investigating:1; n: probe:6; investigation:2	n: investigation:1; investigating:1		eng-30-00633864-n; eng-30-05800611-n
				Mental_Activity						eng-30-05770926-n; eng-30-00927261-n	n: thinking:2; thought:1; thought process:1; cerebration:1; intellection:1; mentation:1; n: creating by mental acts:1	noun.cognition; noun.act	n: thinking:2; thought:1; thought process:1; cerebration:1; intellection:1; mentation:1 < n: higher cognitive process:1 < n: process:11; cognitive process:1; mental process:1; operation:8; cognitive operation:1 < n: cognition:1; knowledge:1; noesis:1 < n: psychological feature:1 < n: abstraction:1; abstract entity:1	n: creating by mental acts:1 < n: creation:2; creative activity:1 < n: activity:1		n: creating by mental acts:1		n: thinking:2; thought:1; thought process:1; cerebration:1; intellection:1; mentation:1; n: creating by mental acts:1	n: thinking:2; thought:1; thought process:1; cerebration:1; intellection:1; mentation:1; n: creating by mental acts:1		eng-30-05770926-n; eng-30-00927261-n
				Plan						eng-30-00928371-n; eng-30-01144133-n	n: planning:1; n: planning:2	noun.act	n: planning:1 < n: design:3; designing:2 < n: creating by mental acts:1 < < n: creation:2; creative activity:1 < n: activity:1	n: planning:2 < n: preparation:4; readying:1 < n: activity:1				n: planning:2	n: planning:1		eng-30-00928371-n; eng-30-01144133-n
			Process							eng-30-00029677-n	n: process:1; physical process:1	noun.process	n: physical entity:1					n: process:1; physical process:1	n: process:1; physical process:1		eng-30-00029677-n
				Weather_Event						eng-30-11524662-n; eng-30-11425580-n	n: weather:6; weather condition:1; conditions:1; atmospheric condition:1;  n: atmospheric phenomenon:1	noun.phenomenon	 n: weather:6; weather condition:1; conditions:1; atmospheric condition:1 < n: atmospheric phenomenon:1 < n: physical phenomenon:1 < n: natural phenomenon:1 < n: phenomenon:1 < n: process:1; physical process:1	n: atmospheric phenomenon:1 < n: physical phenomenon:1 < n: natural phenomenon:1 < n: phenomenon:1 < n: process:1; physical process:1		atmospheric condition:1; n: atmospheric phenomenon:1		n: weather:6; weather condition:1; conditions:1; atmospheric condition:1;  n: atmospheric phenomenon:1	n: weather:6; weather condition:1; conditions:1; atmospheric condition:1;  n: atmospheric phenomenon:1		eng-30-11524662-n; eng-30-11425580-n
					Wind					eng-30-11525955-n	n: wind:15; air current:1; current of air:1	noun.phenomenon	n: weather:6; weather condition:1; conditions:1; atmospheric condition:1;					n: wind:15; air current:1; current of air:1	n: wind:15; air current:1; current of air:1		eng-30-11525955-n
						Storm				eng-30-11462526-n	n: storm:7; violent storm:1	noun.phenomenon	n: atmospheric phenomenon:1					n: storm:7; violent storm:1	n: storm:7; violent storm:1		eng-30-11462526-n
					Precipitation					eng-30-11494638-n	n: precipitation:4; downfall:3	noun.phenomenon	n: weather:6; weather condition:1; conditions:1; atmospheric condition:1;					n: precipitation:4; downfall:3	n: precipitation:4; downfall:3		eng-30-11494638-n
				Disease						eng-30-13533470-n	n: pathologic process:1; pathological process:1	noun.process	n: organic process:1; biological process:1 < n: process:1; physical process:1					n: pathologic process:1; pathological process:1	n: pathologic process:1; pathological process:1		eng-30-13533470-n
				Explosion						eng-30-13450206-n	n: combustion:2; burning:6	noun.process	n: oxidation:1; oxidization:1; oxidisation:1 < n: chemical reaction:1; reaction:7 < n: chemical process:1; chemical change:1; chemical action:1 < n: natural process:1; natural action:1; action:11; activity:4 < n: process:1; physical process:1					n: combustion:2; burning:6	n: combustion:2; burning:6		eng-30-13450206-n
				Fire						eng-30-13450206-n; eng-30-07302836-n	n: combustion:2; burning:6; n: fire:13	noun.process; noun.event	n: oxidation:1; oxidization:1; oxidisation:1 < n: chemical reaction:1; reaction:7 < n: chemical process:1; chemical change:1; chemical action:1 < n: natural process:1; natural action:1; action:11; activity:4 < n: process:1; physical process:1	n: fire:13 < n: happening:1; occurrence:1; occurrent:2; natural event:1 < n: event:1 < n: psychological feature:1 < n: abstraction:1; abstract entity:1		n: combustion:2; burning:6		n: combustion:2; burning:6; n: fire:13	n: combustion:2; burning:6; n: fire:13		eng-30-13450206-n; eng-30-07302836-n
				Procedure						eng-30-01023820-n; eng-30-00577068-n	n: procedure:3; process:4; n: operation:3; procedure:1	noun.act	 n: activity:1	n: operation:3; procedure:1 < n: work:5 < n: activity:1				n: procedure:3; process:4; n: operation:3; procedure:1	n: procedure:3; process:4; n: operation:3; procedure:1		eng-30-01023820-n; eng-30-00577068-n
				Radiation						eng-30-13545184-n; eng-30-01252918-n	n: radiation:6; radioactivity:1; n: radiation:2	noun.process, noun.act	n: radiation:6; radioactivity:1 < n: emission:4 < n: release:22 < n: natural process:1; natural action:1; action:11; activity:4	n: radiation:2 < hypernym: en - n: emission:1; emanation:1 < n: egress:1; egression:1; emergence:1 <  n: act:3; deed:1; human action:1; human activity:1 < n: event:1		n: radiation:6; radioactivity:1; n: radiation:2		n: radiation:6; radioactivity:1; n: radiation:2	n: radiation:6; radioactivity:1; n: radiation:2		eng-30-13545184-n; eng-30-01252918-n
				Wave						eng-30-00346095-n; eng-30-07345593-n	n: wave:2; n: wave:9; undulation:1	nooun.act; noun.event	n: motion:2; movement:3; move:7; motility:1 < n: change:7 < n: action:1 < n: act:3; deed:1; human action:1; human activity:1	n: movement:8; motion:6 < n: happening:1; occurrence:1; occurrent:2; natural event:1 < n: event:1		n: wave:2		n: wave:2; n: wave:9; undulation:1	n: wave:2; n: wave:9; undulation:1		eng-30-00346095-n; eng-30-07345593-n
		State_Of_Affairs								eng-30-00024720-n	n: state:1	noun.state	n: attribute:1 < n: abstraction:1; abstract entity:1					n: state:1	n: state:1		eng-30-00024720-n
			System							eng-30-04768657-n	n: organization:4; organisation:4; system:2	noun.attribute	< n: orderliness:1; methodicalness:1 < n: regularity:1 < n: quality:3					n: organization:4; organisation:4; system:2	n: organization:4; organisation:4; system:2		eng-30-04768657-n
				Currency						eng-30-13385913-n	n: currency:3	noun.possession	n: medium of exchange:1; monetary system:1 <  n: standard:9; criterion:2; measure:13; touchstone:1 < n: system of measurement:1; metric:3 < n: measure:1; quantity:1; amount:1 < n: abstraction:1; abstract entity:1					n: currency:3	n: currency:3		eng-30-13385913-n
			Illness							eng-30-14051917-n	n: pathological state:1	noun.state	n: physical condition:1; physiological state:1; physiological condition:1 < n: condition:11; status:1 < n: state:1					n: pathological state:1	n: pathological state:1		eng-30-14051917-n
			Relationship							eng-30-13928668-n	n: relationship:4	noun.state	state:1					n: relationship:4	n: relationship:4		eng-30-13928668-n
			Temperature							eng-30-05011790-n	n: temperature:1	noun.attribute	n: physical property:1 < n: property:2 < n: attribute:1 < n: abstraction:1; abstract entity:1					n: temperature:1	n: temperature:1		eng-30-05011790-n
																					
	Group									eng-30-00031264-n	n: group:1; grouping:1	noun.group	n: abstraction:1; abstract entity:1					n: group:1; grouping:1	n: group:1; grouping:1		eng-30-00031264-n
		Human_Group								eng-30-07950920-n + eng-30-02472987-n + eng-30-07942152-n + eng-30-07967982-n + eng-30-08160276-n	n: social group:1 + n: world:2; human race:1; humanity:1; humankind:1; human beings:1; humans:1; mankind:1; man:4 + n: people:3 + n: race:8 + n: citizenry:1; people:5	noun.group	n: group:1; grouping:1					n: social group:1 + n: world:2; human race:1; humanity:1; humankind:1; human beings:1; humans:1; mankind:1; man:4 + n: people:3 + n: race:8 + n: citizenry:1; people:5	n: social group:1 + n: world:2; human race:1; humanity:1; humankind:1; human beings:1; humans:1; mankind:1; man:4 + n: people:3 + n: race:8 + n: citizenry:1; people:5		eng-30-07950920-n; eng-30-02472987-n; eng-30-07942152-n; eng-30-07967982-n; eng-30-08160276-n
			Institution							eng-30-08008335-n	n: organization:6; organisation:6	noun.group	n: social group:1			n: institution:5; establishment:4 {noun.group} < n: organization:6; organisation:6 {noun.group} < n: social group:1 {noun.group} < n: group:1; grouping:1		n: organization:6; organisation:6	n: institution:5; establishment:4 {noun.group} < n: organization:6; organisation:6 {noun.group} < n: social group:1 {noun.group} < n: group:1; grouping:1	n: organization:6; organisation:6	eng-30-08008335-n
				Business_Enterprise						eng-30-08056231-n	n: enterprise:3	noun.group	n: organization:6; organisation:6					n: enterprise:3	n: enterprise:3		eng-30-08056231-n
				Self						eng-30-09604981-n	n: self:3	n: person:1; individual:1; someone:1; somebody:1; mortal:1; soul:1						n: self:3	n: self:3		eng-30-09604981-n
		Vehicle_Group																			
			Water_Vehicle_Group																		
		Animal_Group								eng-30-07993929-n	n: animal group:1	noun.group	n: biological group:1 < n: group:1; grouping:1			hyponyms of biological group		n: animal group:1	n: animal group:1		eng-30-07993929-n
		Physical_Object_Group								eng-30-07938773-n; eng-30-07940448-n; eng-30-07951464-n; eng-30-07990377-n	n: arrangement:6; n: kingdom:1; n: collection:4; aggregation:2; accumulation:2; assemblage:3; n: association:3	noun.group	< n: group:1; grouping:1			all hyponyms of group		n: arrangement:6; n: kingdom:1; n: collection:4; aggregation:2; accumulation:2; assemblage:3; n: association:3	n: arrangement:6; n: kingdom:1; n: collection:4; aggregation:2; accumulation:2; assemblage:3; n: association:3		eng-30-07938773-n; eng-30-07940448-n; eng-30-07951464-n; eng-30-07990377-n
																					
	Part									eng-30-03892891-n; eng-30-13809207-n	n: part:9; portion:3; n: part:18; portion:7; component part:1; component:3; constituent:6	noun.artifact; noun.relation	n: object:1; physical object:1; n: abstraction:1; abstract entity:1					n: part:9; portion:3; n: part:18; portion:7; component part:1; component:3; constituent:6	n: part:9; portion:3; n: part:18; portion:7; component part:1; component:3; constituent:6		eng-30-03892891-n; eng-30-13809207-n
		Language_Part								eng-30-06284225-n	n: language unit:1; linguistic unit:1	noun.communication	n: part:18; portion:7; component part:1; component:3; constituent:6 < n: relation:1 < n: abstraction:1; abstract entity:1					n: language unit:1; linguistic unit:1	n: language unit:1; linguistic unit:1		eng-30-06284225-n
			Name							eng-30-06333653-n	n: name:11	noun.communication	n: language unit:1; linguistic unit:1					n: name:11	n: name:11		eng-30-06333653-n
			Phrase							eng-30-06316048-n	n: phrase:4	noun.communication	n: construction:6; grammatical construction:1; expression:3 < n: constituent:4; grammatical constituent:1 < n: syntagma:1; syntagm:1 < n: string of words:1; word string:1; linguistic string:1 < n: language:3; linguistic communication:1 + n: string:14 < n: sequence:7 < n: series:5 < n: ordering:2; order:21; ordination:2 < n: arrangement:6 < n: group:1; grouping:1 < n: abstraction:1; abstract entity:1					n: phrase:4	n: phrase:4		eng-30-06316048-n
			Word							eng-30-06286395-n	n: word:2	noun.communication	n: language unit:1; linguistic unit:1					n: word:2	n: word:2		eng-30-06286395-n
		Music_Part										noun.communication									
			Chord							eng-30-06869951-n	n: chord:3	noun.communication	n: note:9; musical note:1; tone:12 < n: musical notation:1 < n: notation:3; notational system:1 < n: writing:3 < n: written communication:1; written language:1; black and white:3 < communication:1 < abstraction:1; abstract entity:1					n: chord:3	n: chord:3		eng-30-06869951-n
			Tone							eng-30-06865345-n	n: note:9; musical note:1; tone:12		n: musical notation:1 < n: notation:3; notational system:1 < n: writing:3 < n: written communication:1; written language:1; black and white:3 < communication:1 < abstraction:1; abstract entity:1					n: note:9; musical note:1; tone:12	n: note:9; musical note:1; tone:12		eng-30-06865345-n
		Physical_Object_Part								eng-30-09385911-n	n: part:16; piece:16	noun.object	n: thing:1 < n: physical entity:1					n: part:16; piece:16	n: part:16; piece:16		eng-30-09385911-n
			Body							eng-30-05216365-n; eng-30-05217168-n; eng-30-05549830-n	n: body:6; organic structure:1; physical structure:1; n: human body:1; physical body:1; material body:1; soma:1; build:12; figure:11; physique:2; anatomy:2; shape:7; bod:1; chassis:3; frame:12; form:15; flesh:2; n: torso:1; trunk:4; body:8	noun.body	n: natural object:1 < n: whole:1; unit:1 < n: object:1; physical object:1 < n: physical entity:1	n: body:6; organic structure:1; physical structure:1 	n: body part:1 < n: part:16; piece:16 < n: thing:1 < n: physical entity:1	all		n: body:6; organic structure:1; physical structure:1; n: human body:1; physical body:1; material body:1; soma:1; build:12; figure:11; physique:2; anatomy:2; shape:7; bod:1; chassis:3; frame:12; form:15; flesh:2; n: torso:1; trunk:4; body:8	n: body:6; organic structure:1; physical structure:1; n: human body:1; physical body:1; material body:1; soma:1; build:12; figure:11; physique:2; anatomy:2; shape:7; bod:1; chassis:3; frame:12; form:15; flesh:2; n: torso:1; trunk:4; body:8		eng-30-05216365-n; eng-30-05217168-n; eng-30-05549830-n
				Body_part						eng-30-05220461-n	 n: body part:1	noun.body	n: part:16; piece:16 < n: thing:1 < n: physical entity:1					 n: body part:1	 n: body part:1		eng-30-05220461-n
					Foot					eng-30-02153445-n; eng-30-02322213-n; eng-30-05563266-n	n: animal foot:1; foot:4; n: foot:6; invertebrate foot:1; n: foot:9; human foot:1; pes:1	noun.animal; noun.body	n: vertebrate foot:1; pedal extremity:1 < n: extremity:2 < n: external body part:1 < n: body part:1	n: foot:6; invertebrate foot:1 < n: organ:4 < n: body part:1	n: vertebrate foot:1; pedal extremity:1 < n: extremity:2 < n: external body part:1 < n: body part:1	al		n: animal foot:1; foot:4; n: foot:6; invertebrate foot:1; n: foot:9; human foot:1; pes:1	n: animal foot:1; foot:4; n: foot:6; invertebrate foot:1; n: foot:9; human foot:1; pes:1		eng-30-02153445-n; eng-30-02322213-n; eng-30-05563266-n
					Hair					eng-30-01900150-n; eng-30-05254393-n; eng-30-05254795-n	n: hair:1; n: hair:3; pilus:2	noun.animal; noun.body	n: process:10; outgrowth:1; appendage:2 < n: body part:1 < n: part:16; piece:16 < n: thing:1 < n: physical entity:1	n: filament:2; filum:1 < n: structure:4; anatomical structure:1; complex body part:1; bodily structure:1; body structure:1 < n: body part:1 < n: part:16; piece:16 < n: thing:1 < n: physical entity:1 	n: body covering:1 < n: covering:5; natural covering:1; cover:35 < n: natural object:1 < n: whole:1; unit:1 < n: object:1; physical object:1 < n: physical entity:1	all		n: hair:1; n: hair:3; pilus:2	n: hair:1; n: hair:3; pilus:2		eng-30-01900150-n; eng-30-05254393-n; eng-30-05254795-n
					Head					eng-30-05290756-n; eng-30-05538625-n	n: head:18; n: head:19; caput:1	noun.body	n: body part:1	n: external body part:1 < n: body part:1				n: head:18; n: head:19; caput:1	n: head:18; n: head:19; caput:1		eng-30-05290756-n; eng-30-05538625-n
					Limb					eng-30-05560244-n	 n: limb:4	noun.body	n: extremity:2 < n: external body part:1 < n: body part:1					 n: limb:4	 n: limb:4		eng-30-05560244-n
					Sense_Organ					eng-30-05299178-n	n: sense organ:1; sensory receptor:1; receptor:1	noun.body	n: organ:4 < n: body part:1					n: sense organ:1; sensory receptor:1; receptor:1	n: sense organ:1; sensory receptor:1; receptor:1		eng-30-05299178-n
			Building_Part									noun.artifact				meronymy/holonymy					
				Room						eng-30-02735688-n; eng-30-04105893-n	n: area:1; n: room:2	noun.artifact	n: structure:2; construction:4 < n: artifact:1; artefact:1	n: area:1 <  n: structure:2; construction:4 < n: artifact:1; artefact:1  		n: area:1		n: area:1; n: room:2	n: area:1; n: room:2		eng-30-02735688-n; eng-30-04105893-n
			Plant_Part							eng-30-13086908-n	n: plant part:1; plant structure:1	noun.plant	n: natural object:1 < n: whole:1; unit:1 < n: object:1; physical object:1 < n: physical entity:1					n: plant part:1; plant structure:1	n: plant part:1; plant structure:1		eng-30-13086908-n
				Tree_Part										има ли разлика с plant_part?							eng-30-13086908-n
					Branch					eng-30-13163250-n	n: branch:7	noun.plant	n: stalk:7; stem:10 < n: plant organ:1 < n: plant part:1; plant structure:1 < n: natural object:1 < n: whole:1; unit:1 < n: object:1; physical object:1 < n: physical entity:1					n: branch:7	n: branch:7		eng-30-13163250-n
			Vehicle_Part									noun.artifact				meronymy/holonymy					eng-30-04576211-n
				Engine						eng-30-03287733-n	engine:1	noun.artifact	n: machine:4 < n: device:2					engine:1	n: motor:4		eng-30-03789946-n; eng-30-03287733-n
			Surface							eng-30-04362025-n; eng-30-08660339-n	n: surface:6; n: surface:9	noun.artifact	n: artifact:1; artefact:1	n: boundary:2; bound:16; bounds:1 < n: extremity:3 < n: region:3; part:15 < n: location:1 < n: object:1; physical object:1 < n: physical entity:1		n: surface:6;		n: surface:6; n: surface:9	n: surface:9		eng-30-04362025-n; eng-30-08660339-n
		Speech_Act_Part								eng-30-06284225-n	n: language unit:1; linguistic unit:1	noun.communication	n: part:18; portion:7; component part:1; component:3; constituent:6 < n: relation:1 < n: abstraction:1; abstract entity:1					n: language unit:1; linguistic unit:1	n: manner of speaking:1; speech:4; delivery:6 {noun.communication} < n: expressive style:1; style:11 {noun.communication} < n: communication:1 {noun.communication} < n: abstraction:1; abstract entity:1 {noun.Tops}		eng-30-06284225-n' eng-30-07071483-n
			Speech_Sound							eng-30-07111047-n	n: phone:4; speech sound:1; sound:20	noun.communication	n: language unit:1; linguistic unit:1					n: phone:4; speech sound:1; sound:20	n: phone:4; speech sound:1; sound:20		eng-30-07111047-n
			Word							eng-30-06286395-n	n: word:2	noun.communication	n: language unit:1; linguistic unit:1					n: word:2	n: word:2		eng-30-06286395-n
			undefined																		
		Document_Part								eng-30-06392001-n	n: section:5; subdivision:3	noun.communication	n: music:5 + n: writing:4; written material:1; piece of writing:1					n: section:5; subdivision:3	n: section:5; subdivision:3		eng-30-06392001-n
		Movie_Part														meronymy/holonymy					eng-30-06613686-n
		Recording_Part														meronymy/holonymy					eng-30-04063868-n
																					
	Property									eng-30-00024264-n; eng-30-05849040-n	n: attribute:1; n: property:3; attribute:4; dimension:5	noun.attribute; noun.cognition	n: abstraction:1; abstract entity:1	n: concept:1; conception:3; construct:7 < n: idea:2; thought:2 < n: content:5; cognitive content:1; mental object:1 < n: cognition:1; knowledge:1; noesis:1 < n: psychological feature:1 < n: abstraction:1; abstract entity:1				n: attribute:1; n: property:3; attribute:4; dimension:5	n: property:3; attribute:4; dimension:5		eng-30-00024264-n; eng-30-05849040-n; eng-30-05849040-n
		Cognitive_State								eng-30-14373582-n; eng-30-05669934-n	n: psychological state:1; psychological condition:1; mental state:1; mental condition:1; n: cognitive state:1; state of mind:1	noun.state; noun.cognition	n: psychological state:1; psychological condition:1; mental state:1; mental condition:1 < n: condition:11; status:1 < n: state:1 < n: attribute:1	n: cognitive state:1; state of mind:1 < n: psychological state:1; psychological condition:1; mental state:1; mental condition:1 < n: condition:11; status:1 < n: state:1 < n: attribute:1		both		n: psychological state:1; psychological condition:1; mental state:1; mental condition:1; n: cognitive state:1; state of mind:1	n: psychological state:1; psychological condition:1; mental state:1; mental condition:1; n: cognitive state:1; state of mind:1		eng-30-14373582-n; eng-30-05669934-n
			Skill							eng-30-05636887-n	n: ability:2; power:4	noun.cognition	n: cognition:1;knowledge:1; noesis:1					n: ability:2; power:4	n: ability:2; power:4		eng-30-05636887-n
		Role								eng-30-05149325-n	n: function:5; purpose:4; role:3; use:10	noun.attribute	n: utility:5; usefulness:1 < n: quality:3 < n: attribute:1					n: function:5; purpose:4; role:3; use:10	n: function:5; purpose:4; role:3; use:10		eng-30-05149325-n
			Human_Role							eng-30-00720565-n	n: function:1; office:2; part:2; role:1	noun.act	< duty ... < activity					n: function:1; office:2; part:2; role:1	n: function:1; office:2; part:2; role:1		eng-30-00720565-n
		Visible_Feature								eng-30-04950126-n	n: visual property:1	noun.attribute	n: property:2 < n: attribute:1					n: visual property:1	n: visual property:1		eng-30-04950126-n
			Colour							eng-30-04673965-n	n: color:8; colour:8; n: color:10; colour:10; coloring:2; colouring:2	noun.attribute; noun.attribute	n: appearance:4; visual aspect:1 < n: quality:3 < n: attribute:1	n: visual property:1 < n: property:2 < n: attribute:1		n: color:8; colour:8; n: color:10; colour:10; coloring:2; colouring:2		n: color:8; colour:8; n: color:10; colour:10; coloring:2; colouring:2	n: color:8; colour:8; n: color:10; colour:10; coloring:2; colouring:2		eng-30-04673965-n
			Shape							eng-30-00027807-n; eng-30-04677514-n; eng-30-05064037-n	n: shape:1; form:1; n: form:11; shape:5; cast:18;  n: shape:6; form:13; configuration:1; contour:2; conformation:2	noun.shape	n: attribute:1	n: appearance:4; visual aspect:1 < n: quality:3 < n: attribute:1	n: spatial property:1; spatiality:1 < n: property:2 < n: attribute:1	n: shape:1; form:1; n: form:11; shape:5; cast:18;  n: shape:6; form:13; configuration:1; contour:2; conformation:2		n: shape:1; form:1; n: form:11; shape:5; cast:18;  n: shape:6; form:13; configuration:1; contour:2; conformation:2	n: shape:1; form:1; n: form:11; shape:5; cast:18;  n: shape:6; form:13; configuration:1; contour:2; conformation:2		eng-30-00027807-n; eng-30-04677514-n; eng-30-05064037-n
		Character_Trait								eng-30-04616059-n	n: trait:1	noun.attribute	n: attribute:1					n: trait:1	n: trait:1		eng-30-04616059-n
		Injury								eng-30-14285662-n	n: injury:5; hurt:14; harm:4; trauma:2	noun.state	n: ill health:1; unhealthiness:1; health problem:1 < n: pathological state:1					n: injury:5; hurt:14; harm:4; trauma:2	n: injury:5; hurt:14; harm:4; trauma:2		eng-30-14285662-n
		Institution_Role								eng-30-05149325-n	n: function:5; purpose:4; role:3; use:10	noun.attribute	n: utility:5; usefulness:1 < n: quality:3 < n: attribute:1			n: member:3 {noun.group} < n: unit:3; social unit:1 {noun.group} < n: organization:6; organisation:6 {noun.group} < n: social group:1 {noun.group} < n: group:1; grouping:1 {noun.group} < n: abstraction:1; abstract entity:1		n: function:5; purpose:4; role:3; use:10	n: member:3 		eng-30-05149325-n; eng-30-08170686-n
		Pace								eng-30-05058580-n	n: pace:6; rate:4	noun.attribute	n: temporal property:1 < n: property:2 < n: attribute:1					n: pace:6; rate:4	n: pace:6; rate:4		eng-30-05058580-n
		Use								eng-30-05148699-n	n: utility:5; usefulness:1	noun.attribute	n: quality:3 < n: attribute:1					n: utility:5; usefulness:1	n: utility:5; usefulness:1		eng-30-05148699-n
		Weight								eng-30-05026843-n	n: weight:5	noun.attribute	n: physical property:1 < n: property:2 < n: attribute:1					n: weight:5	n: weight:5		eng-30-05026843-n
																					
	Not connected																				